message_id,sentence_translated,Representation_Dutch,Representation_English,Label,Interpretation_Label
msg_2815,"Hello, on the advice of [PERSON], the Prednisolone will be reduced more slowly, i.e. two weeks 10 mg. and then 2 weeks 5 mg. Is it possible to send a prescription to the pharmacy in which this is stated?","['prednison', 'prednisolon', 'afgebouwd', 'afbouwen', 'afbouwschema', 'starten', 'gestart', 'gebruik', 'slikken', 'slik']","['prednisone', 'prednisolone', 'tapered', 'tapering', 'tapering schedule', 'start', 'started', 'use', 'take', 'take']
",Clinical,Prednisone treatment
msg_2815,"Additionally, I'd like to ask, because I forgot to ask [PERSON-1], how is it possible that I constantly have recurring iron deficiencies and require extra iron? Is this due to the medication, nutrition or something else? Because since I got sick, this has already been my fourth bag of supplemental iron.","['ijzer', 'ijzerinfuus', 'ijzergehalte', 'ijzertekort', 'laag', 'ijzertabletten', 'tekort', 'infuus', 'gehalte', 'magnesium']","['iron', 'iron infusion', 'iron level', 'iron deficiency', 'low', 'iron tablets', 'deficiency', 'infusion', 'level', 'magnesium']
",Clinical,Iron deficiency and infusion
msg_2815,Yet every time I am told that the blood is in order and then it doesn't turn out okay?????,"['bloedverlies', 'bloed', 'helder', 'bloedingen', 'verlies', 'afvegen', 'rood', 'zat', 'spoortje', 'bloedbeeld']","['blood loss', 'blood', 'bright', 'bleeding', 'loss', 'wiping', 'red', 'was there', 'trace', 'blood count']",Clinical,Blood loss
msg_2815,"Friendly regards, [PERSON]","['vriendelijke', 'groet', 'groeten', 'vriendelijk', 'hartelijke', 'geb', 'groetjes', 'afwachting', 'bvd', 'contactpersoon']","['kind', 'regards', 'greetings', 'friendly', 'kindly', 'regards_abbrev', 'cheers', 'awaiting', 'thanks_in_advance', 'contact_person']
",Non-Clinical,Greetings & sign-offs
msg_21079,"Hello [PERSON], thank you for your message and for canceling the appointment.","['afspraak', 'staan', 'afspraken', 'gepland', 'verzetten', 'plannen', 'nieuwe', 'agenda', 'gemaakt', 'inplannen']","['appointment', 'listed', 'appointments', 'scheduled', 'reschedule', 'schedule', 'new', 'agenda', 'made', 'plan']
",Non-Clinical,Appointment scheduling
msg_21079,I'll make a new appointment after the summer before the end of the year.,"['afspraak', 'staan', 'afspraken', 'gepland', 'verzetten', 'plannen', 'nieuwe', 'agenda', 'gemaakt', 'inplannen']","['appointment', 'listed', 'appointments', 'scheduled', 'reschedule', 'schedule', 'new', 'agenda', 'made', 'plan']
",Non-Clinical,Appointment scheduling
msg_21079,I will email again next week but wonder what the content of the white blood cells was and if it was lower than in early November?,"['bloeduitslagen', 'bloeduitslag', 'bloedwaarden', 'uitslagen', 'bloed', 'bekend', 'bloedwaardes', 'uitslag', 'bloedonderzoek', 'benieuwd']","['blood results', 'blood result', 'blood values', 'blood', 'results', 'known', 'blood values', 'result', 'blood test', 'curious']
",Non-Clinical,Inquiry for blood results
msg_21079,"Friendly regards, [PERSON]","['vriendelijke', 'groet', 'groeten', 'vriendelijk', 'hartelijke', 'geb', 'groetjes', 'afwachting', 'bvd', 'contactpersoon']","['kind', 'regards', 'greetings', 'friendly', 'kindly', 'regards_abbrev', 'cheers', 'awaiting', 'thanks_in_advance', 'contact_person']
",Non-Clinical,Greetings & sign-offs