Topic,Count,Name,Representation,Frequency (%),Translation,Label,Note for labeling rationale
32,2868,32_vriendelijke_groet_groeten_vriendelijk,"['vriendelijke', 'groet', 'groeten', 'vriendelijk', 'hartelijke', 'geb', 'groetjes', 'afwachting', 'bvd', 'contactpersoon']",5.91,"['kind', 'regards', 'greetings', 'friendly', 'kindly', 'regards_abbrev', 'cheers', 'awaiting', 'thanks_in_advance', 'contact_person']",Non-Medical,Closing remarks
0,1484,0_ontlasting_ingeleverd_inleveren_bloed,"['ontlasting', 'ingeleverd', 'inleveren', 'bloed', 'prikken', 'uitslag', 'laten', 'leveren', 'bloedprikken', 'buisje']",3.06,"['stool sample', 'submitted', 'submit', 'blood', 'blood draw', 'result', 'have done', 'submit', 'blood draw', 'collection tube']",Medical,Stool and blood tests
1,1315,1_bellen_bereikbaar_telefonisch_gebeld,"['bellen', 'bereikbaar', 'telefonisch', 'gebeld', 'contact', 'belafspraak', 'nummer', 'telefonische', 'telefoon', 'opnemen']",2.71,"['call', 'reachable', 'by phone', 'called', 'contact', 'call appointment', 'phone number', 'telephone', 'phone', 'pick up']",Non-Medical,Contact
2,1292,2_recept_apotheek_sturen_nieuw,"['recept', 'apotheek', 'sturen', 'nieuw', 'faxen', 'herhaalrecept', 'herhaal', 'doorsturen', 'ophalen', 'recepten']",2.66,"['prescription', 'pharmacy', 'send', 'location', 'new', 'fax', 'repeat prescription', 'repeat', 'forward', 'collect']",Non-medical,Repeat prescription
3,1086,3_medicatie_medicijnen_medicijn_bijwerkingen,"['medicatie', 'medicijnen', 'medicijn', 'bijwerkingen', 'kuur', 'gebruiken', 'stoppen', 'gebruik', 'voorgeschreven', 'medicijngebruik']",2.24,"['medication', 'medicines', 'medicine', 'side effects', 'treatment course', 'use', 'stop', 'medication use', 'prescribed', 'medication use']",Medical,Medication
78,1017,78_groeten_groet_groetjes_will,"['groeten', 'groet', 'groetjes', 'will', 'merci', 'wijsheid', 'paffen', 'schoonzus', 'groetje', 'geb']",2.1,"['greetings', 'regards', 'cheers', 'will', 'merci', 'wisdom', 'paffen', 'sister_in_law', 'greeting_alt', 'gb']",Non-Medical,Greetings
4,1004,4_afspraak_staan_afspraken_gepland,"['afspraak', 'staan', 'afspraken', 'gepland', 'verzetten', 'plannen', 'nieuwe', 'agenda', 'gemaakt', 'inplannen']",2.07,"['appointment', 'listed', 'appointments', 'scheduled', 'reschedule', 'schedule', 'new', 'agenda', 'made', 'plan']",Non-Medical,Appointments
6,977,6_gaat_beter_goed_slechter,"['gaat', 'beter', 'goed', 'slechter', 'ging', 'gelukkig', 'helemaal', 'rustig', 'komt', 'gebeurd']",2.01,"['goes', 'better', 'well', 'worse', 'went', 'fortunately', 'completely', 'calm', 'comes', 'happened']",Medical,Likely health update
5,946,5_huisarts_dokter_arts_contact,"['huisarts', 'dokter', 'arts', 'contact', 'medische', 'afspraak', 'behandelend', 'huisartsenpost', 'bespreken', 'opnemen']",1.95,"['general practitioner', 'doctor', 'physician', 'contact', 'medical', 'appointment', 'treating physician', 'after-hours clinic', 'discuss', 'contact']",Medical,Doctor visit
150,830,150_groetjes_liefs_smart_lachen,"['groetjes', 'liefs', 'smart', 'lachen', 'boden', 'typ', 'hetvolgende', 'miranda', 'vergelijk', 'beangstigend']",1.71,"['greetings', 'love', 'smart', 'laughing', 'boden', 'type', 'the_following', 'miranda', 'compare', 'frightening']",Non-Medical,Greetings
9,795,9_mogelijk_bedoeling_mee_optie,"['mogelijk', 'bedoeling', 'mee', 'optie', 'klopt', 'geregeld', 'reden', 'oorzaak', 'komt', 'mogelijkheden']",1.64,"['possible', 'intention', 'with', 'option', 'correct', 'arranged', 'reason', 'cause', 'comes', 'problem']",Medical,Asking for advice
8,693,8_prikken_bloed_laten_bloedprikken,"['prikken', 'bloed', 'laten', 'bloedprikken', 'geprikt', 'bloedgeprikt', 'gaan', 'ziekenhuis', 'voren', 'laat']",1.43,"['blood draw', 'blood', 'have done', 'blood draw', 'blood drawn', 'blood drawn', 'hospital', 'go', 'before', 'have done']",Medical,Blood tests
11,652,11_hoi_prima_fijn_hallo,"['hoi', 'prima', 'fijn', 'hallo', 'bedankt', 'oke', 'bericht', 'dankjewel', 'dank', 'groetjes']",1.34,"['hi', 'fine', 'nice', 'hello', 'thanks', 'okay', 'message', 'thank you', 'thanks', 'greetings']",Non-Medical,Greetings
7,642,7_humira_spuit_spuiten_zetten,"['humira', 'spuit', 'spuiten', 'zetten', 'injectie', 'gebruik', 'gespoten', 'spiegel', 'prik', 'injecties']",1.32,"['humira', 'pen', 'inject', 'inject', 'injection', 'use', 'injected', 'drug level', 'shot', 'injections']",Medical,Injection
54,638,54_hoor_graag_groetjes_groet,"['hoor', 'graag', 'groetjes', 'groet', 'vriendelijke', 'hoop', 'horen', 'hoogte', 'groeten', 'vernemen']",1.32,"['hear', 'please', 'greetings', 'regards', 'kind', 'hope', 'hear_back', 'updated', 'greetings', 'let_me_know']",Non-Medical,Greetings
14,638,14_mail_ontvangen_bericht_sturen,"['mail', 'ontvangen', 'bericht', 'sturen', 'post', 'gestuurd', 'email', 'verstuurd', 'opsturen', 'versturen']",1.32,"['mail', 'receive', 'message', 'send', 'post', 'sent', 'email', 'sent', 'send', 'send']",Non-Medical,Mail communication
40,598,40_bedankt_dank_alvast_dankjewel,"['bedankt', 'dank', 'alvast', 'dankjewel', 'hartelijk', 'moeite', 'hulp', 'voorbaat', 'oke', 'hartstikke']",1.23,"['thanks', 'thanks', 'already', 'thank you', 'thanks', 'effort', 'help', 'in advance', 'okay', 'thank you very much']",Non-Medical,Social remarks
24,575,24_alvast_bedankt_dank_vriendelijke,"['alvast', 'bedankt', 'dank', 'vriendelijke', 'groet', 'dankjewel', 'voorbaat', 'groetjes', 'groeten', 'hartelijk']",1.19,"['already', 'thanks', 'thank you', 'kind regards', 'thank you', 'in advance', 'greetings', 'greetings', 'kind regards']",Non-Medical,Social remarks
31,570,31_datum_middag_morgen_laat,"['datum', 'middag', 'morgen', 'laat', 'ochtend', 'gepland', 'half', 'the', 'geboortedatum', 'mogelijk']",1.17,"['date', 'afternoon', 'tomorrow', 'late', 'morning', 'scheduled', 'half', 'the', 'date of birth', 'possible']",Non-Medical,Scheduling
26,563,26_tabletten_tablet_dosis_dosering,"['tabletten', 'tablet', 'dosis', 'dosering', 'daags', 'innemen', 'gram', 'slik', 'mezavant', 'gebruik']",1.16,"['tablets', 'tablet', 'dose', 'dosage', 'daily', 'take', 'gram', 'take', 'mezavant', 'use']",Medical,Medication
12,549,12_bloeduitslagen_bloeduitslag_bloedwaarden_uitslagen,"['bloeduitslagen', 'bloeduitslag', 'bloedwaarden', 'uitslagen', 'bloed', 'bekend', 'bloedwaardes', 'uitslag', 'bloedonderzoek', 'benieuwd']",1.13,"['blood results', 'blood result', 'blood values', 'blood', 'results', 'known', 'blood values', 'result', 'blood test', 'curious']",Medical,Blood test results
13,543,13_ontlasting_dunne_stoelgang_waterige,"['ontlasting', 'dunne', 'stoelgang', 'waterige', 'dun', 'vaste', 'aandrang', 'soms', 'buikpijn', 'keer']",1.12,"['stool', 'loose stool', 'bowel movement', 'watery', 'diarrhea', 'formed', 'urgency', 'sometimes', 'abdominal pain', 'times']",Medical,Stool characteristics
10,538,10_test_thuistest_testen_gedaan,"['test', 'thuistest', 'testen', 'gedaan', 'zelftest', 'thuistesten', 'positief', 'getest', 'scannen', 'negatief']",1.11,"['test', 'home test', 'test', 'performed', 'self-test', 'home tests', 'positive', 'tested', 'scan', 'negative']",Medical,Home tests
16,499,16_uitslag_resultaten_hiervan_bekend,"['uitslag', 'resultaten', 'hiervan', 'bekend', 'resultaat', 'daarvan', 'benieuwd', 'weten', 'duurt', 'graag']",1.03,"['result', 'results', 'of this', 'known', 'result', 'thereof', 'curious', 'know', 'takes', 'please']",Medical,Test results
15,477,15_infuus_volgende_infuuscentrum_entyvio,"['infuus', 'volgende', 'infuuscentrum', 'entyvio', 'gepland', 'krijg', 'toegediend', 'staat', 'biological', 'aanstaande']",0.98,"['infusion', 'next', 'infusion center', 'Entyvio', 'scheduled', 'receive', 'administered', 'scheduled', 'biologic', 'upcoming']",Medical,Infusion
30,475,30_beste_dank_bericht_bedankt,"['beste', 'dank', 'bericht', 'bedankt', 'heer', 'reactie', 'hartelijk', 'geachte', 'antwoord', 'snelle']",0.98,"['dear', 'thanks', 'message', 'thank you', 'sir', 'response', 'kind regards', 'dear', 'answer', 'quick']",Non-Medical,Social remarks
17,454,17_calprotectine_waarde_thuistest_test,"['calprotectine', 'waarde', 'thuistest', 'test', 'bekend', 'uitslag', 'gemeten', 'gedaan', 'bepalen', 'gestegen']",0.94,"['calprotectin', 'value', 'home test', 'test', 'known', 'result', 'measured', 'done', 'determine', 'increased']",Medical,Test results
57,441,57_hoop_wacht_afwachten_wachten,"['hoop', 'wacht', 'afwachten', 'wachten', 'proberen', 'hopelijk', 'kijken', 'blijft', 'snel', 'hopen']",0.91,"['hope', 'waiting', 'wait', 'waiting', 'try', 'hopefully', 'see', 'soon', 'remains', 'hope']",Non-Medical,Social remarks
19,414,19_klachten_verergerd_erger_verminderd,"['klachten', 'verergerd', 'erger', 'verminderd', 'toenemen', 'contact', 'verergeren', 'verbeterd', 'spelen', 'helaas']",0.85,"['symptoms', 'worsened', 'worse', 'improved', 'increased', 'contact', 'worsen', 'improved', 'occur', 'unfortunately']",Medical,Symptoms
21,412,21_formulieren_formulier_potje_papieren,"['formulieren', 'formulier', 'potje', 'papieren', 'toestemmingsformulier', 'toesturen', 'opsturen', 'sturen', 'buisje', 'toestemming']",0.85,"['forms', 'form', 'sample container', 'papers', 'consent form', 'send', 'send', 'send', 'collection tube', 'consent']",Non-Medical,Logistical communications
18,410,18_prednison_prednisolon_afgebouwd_afbouwen,"['prednison', 'prednisolon', 'afgebouwd', 'afbouwen', 'afbouwschema', 'starten', 'gestart', 'gebruik', 'slikken', 'slik']",0.85,"['prednisone', 'prednisolone', 'tapered', 'tapering', 'tapering schedule', 'start', 'started', 'use', 'take', 'take']",Medical,Medication
25,395,25_vaccinatie_vaccin_griepprik_vaccinaties,"['vaccinatie', 'vaccin', 'griepprik', 'vaccinaties', 'gevaccineerd', 'vaccineren', 'astrazeneca', 'covid', 'pfizer', 'mensen']",0.81,"['vaccination', 'vaccine', 'flu shot', 'vaccinations', 'vaccinated', 'vaccinate', 'astrazeneca', 'covid', 'pfizer', 'people']",Medical,Medication
33,395,33_buik_onderbuik_pijn_bovenbuik,"['buik', 'onderbuik', 'pijn', 'bovenbuik', 'opgezette', 'gevoel', 'links', 'last', 'ribben', 'rechts']",0.81,"['abdomen', 'lower abdomen', 'pain', 'upper abdomen', 'bloated', 'feeling', 'discomfort', 'left', 'ribs', 'right']",Medical,Symptoms
28,391,28_waardes_waarde_waarden_hoog,"['waardes', 'waarde', 'waarden', 'hoog', 'gemeten', 'verhoging', 'crp', 'laag', 'gedaald', 'verhoogd']",0.81,"['values', 'value', 'values', 'high', 'measured', 'increase', 'CRP', 'low', 'decreased', 'elevated']",Medical,Test results
29,387,29_fijne_weekend_feestdagen_fijn,"['fijne', 'weekend', 'feestdagen', 'fijn', 'gewenst', 'alvast', 'wensen', 'wens', 'prettige', 'gezond']",0.8,"['nice', 'weekend', 'holidays', 'good', 'wished', 'already', 'wishes', 'wish', 'pleasant', 'healthy']",Non-Medical,Social remarks
34,378,34_hiermee_mee_weet_hieraan,"['hiermee', 'mee', 'weet', 'hieraan', 'ondernemen', 'oplossing', 'helpen', 'beste', 'hoor', 'actie']",0.78,"['with_this', 'with_it', 'know', 'regarding_this', 'take_action', 'solution', 'help', 'best', 'hear', 'action']",Medical,Seeking advice
22,374,22_poli_poliafspraak_afspraak_polie,"['poli', 'poliafspraak', 'afspraak', 'polie', 'polibezoek', 'interne', 'plannen', 'bellen', 'gepland', 'staan']",0.77,"['outpatient', 'outpatient appointment', 'appointment', 'clinic', 'clinic visit', 'internal medicine', 'schedule', 'call', 'scheduled', 'listed']",Non-Medical,Appointments
27,373,27_darmen_darm_darmklachten_dikke,"['darmen', 'darm', 'darmklachten', 'dikke', 'last', 'rustig', 'onrustig', 'laatste', 'merk', 'darmproblemen']",0.77,"['intestines', 'intestine', 'bowel symptoms', 'large intestine', 'discomfort', 'calm', 'restless', 'recent', 'notice', 'bowel problems']",Medical,Symptoms
20,360,20_crohn_ziekte_reuma_bechterew,"['crohn', 'ziekte', 'reuma', 'bechterew', 'rustig', 'combinatie', 'medicatie', 'ontstekingen', 'gerelateerd', 'ivm']",0.74,"['crohn', 'disease', 'rheumatism', 'bechterew', 'stable', 'combination', 'medication', 'inflammation', 'related', 'due to']",Medical,Diseases
23,352,23_toilet_vaker_rennen_gemiddeld,"['toilet', 'vaker', 'rennen', 'gemiddeld', 'keer', 'plassen', 'nacht', 'hoef', 'toiletbezoeken', 'gaan']",0.73,"['toilet', 'more often', 'rush', 'average', 'times', 'urinate', 'night', 'need to', 'go', 'toilet visits']",Medical,Symptoms
91,339,91_hallo_bespreken_gisteren_gesproken,"['hallo', 'bespreken', 'gisteren', 'gesproken', 'overleg', 'hoi', 'gesprek', 'beste', 'enof', 'vorige']",0.7,"['hello', 'discuss', 'yesterday', 'spoken', 'consultation', 'hi', 'conversation', 'dear', 'and_or', 'previous']",Non-Medical,Social remarks
55,333,55_lang_jaar_maanden_duurt,"['lang', 'jaar', 'maanden', 'duurt', 'interval', 'minuten', 'duren', 'keer', 'wachten', 'zon']",0.69,"['long', 'year', 'months', 'takes', 'interval', 'minutes', 'lasts', 'times', 'age', 'waiting']",Medical,Health update
35,321,35_ibd_ibdcoach_periodieke_gezondheidscheck,"['ibd', 'ibdcoach', 'periodieke', 'gezondheidscheck', 'vragenlijst', 'vullen', 'check', 'team', 'invullen', 'sessie']",0.66,"['ibd', 'ibd coach', 'periodic', 'health check', 'questionnaire', 'fill in', 'check', 'team', 'complete', 'session']
",Medical,Periodic follow-up
38,314,38_spuit_spuiten_zetten_vloeistof,"['spuit', 'spuiten', 'zetten', 'vloeistof', 'gezet', 'gespoten', 'zet', 'hyrimoz', 'naald', 'druppels']",0.65,"['injection', 'injecting', 'administer', 'fluid', 'administered', 'injected', 'give_injection', 'hyrimoz', 'needle', 'drops']",Medical,Medication
42,313,42_vermoeidheid_moe_energie_vermoeid,"['vermoeidheid', 'moe', 'energie', 'vermoeid', 'voel', 'merk', 'vermoeidheidsklachten', 'inspanning', 'fit', 'sporten']",0.65,"['fatigue', 'tired', 'energy', 'fatigued', 'feel', 'notice', 'fatigue_symptoms', 'effort', 'fit', 'exercise']",Medical,Symptoms
44,308,44_buikpijn_opgeblazen_maagklachten_last,"['buikpijn', 'opgeblazen', 'maagklachten', 'last', 'gevoel', 'ontzettende', 'maagstreek', 'buik', 'maagpijn', 'pijn']",0.63,"['abdominal_pain', 'bloated', 'stomach_complaints', 'discomfort', 'feeling', 'severe', 'upper_abdomen', 'abdomen', 'stomach_pain', 'pain']",Medical,Symptoms
39,308,39_operatie_geopereerd_chirurg_chirurgie,"['operatie', 'geopereerd', 'chirurg', 'chirurgie', 'herstel', 'opereren', 'kaakchirurg', 'plaatsvinden', 'anesthesist', 'narcose']",0.63,"['surgery', 'operated', 'surgeon', 'surgery_department', 'recovery', 'operate', 'oral_surgeon', 'take_place', 'anesthesiologist', 'anesthesia']",Medical,Surgery
119,306,119_doorgeven_melden_wilde_weten,"['doorgeven', 'melden', 'wilde', 'weten', 'bespreken', 'genformeerd', 'hopende', 'voldoende', 'graag', 'vandaar']",0.63,"['pass_on', 'report', 'wanted', 'know', 'discuss', 'informed', 'hoping', 'sufficiently', 'please', 'therefore']",Medical,Seeking advice
121,303,121_hum_hpm_tel_gebdatum,"['hum', 'hpm', 'tel', 'gebdatum', 'geboortedatum', 'groet', 'fax', 'gebdat', 'kollar', 'stappen']",0.62,"['hum', 'hpm', 'phone', 'dob', 'date_of_birth', 'greeting', 'fax', 'dob_alt', 'kollar', 'steps']",Non-Medical,Administrative communication
37,297,37_vraag_vragen_vraagje_vraagjes,"['vraag', 'vragen', 'vraagje', 'vraagjes', 'tweetal', 'navragen', 'aantal', 'hallo', 'daarnaast', 'stellen']",0.61,"['question', 'questions', 'small_question', 'questions_small', 'a_few', 'ask_about', 'number', 'hello', 'besides_that', 'ask']",Medical,Seeking advice
45,291,45_vakantie_vertrek_nederland_reizen,"['vakantie', 'vertrek', 'nederland', 'reizen', 'terug', 'gaan', 'geboekt', 'griekenland', 'eind', 'rijden']",0.6,"['holiday', 'departure', 'netherlands', 'traveling', 'return', 'go', 'booked', 'greece', 'end', 'driving']",Medical,Disease management regarding traveling
41,289,41_zwanger_gynaecoloog_zwangerschap_bevallen,"['zwanger', 'gynaecoloog', 'zwangerschap', 'bevallen', 'miskraam', 'keizersnede', 'verloskundige', 'ongesteld', 'dochter', 'baby']",0.6,"['pregnant', 'gynecologist', 'pregnancy', 'gave_birth', 'miscarriage', 'c_section', 'midwife', 'menstruating', 'daughter', 'baby']",Medical,Pregnancy
82,288,82_consult_telefonisch_spreekuur_psycholoog,"['consult', 'telefonisch', 'spreekuur', 'psycholoog', 'gesprek', 'telefonische', 'contact', 'afspraak', 'bespreken', 'second']",0.59,"['consult', 'phone', 'clinic hours', 'psychologist', 'conversation', 'telephone', 'contact', 'appointment', 'discuss', 'second opinion']
",Medical,Contact with healthcare professionals
53,287,53_voel_voelde_echt_slecht,"['voel', 'voelde', 'echt', 'slecht', 'lekker', 'voelen', 'moedeloos', 'beter', 'ziek', 'goed']",0.59,"['feel', 'felt', 'really', 'bad', 'okay', 'feeling', 'discouraged', 'better', 'sick', 'good']",Medical,General health update
67,279,67_werk_werken_thuis_werkgever,"['werk', 'werken', 'thuis', 'werkgever', 'school', 'kinderen', 'onderwijs', 'kinderdagverblijf', 'baan', 'stage']",0.58,"['work', 'working', 'home', 'employer', 'school', 'children', 'daycare', 'education', 'job', 'internship']",Medical,Disease management regarding work
36,277,36_purinethol_nieuw_recept_herhaalrecept,"['purinethol', 'nieuw', 'recept', 'herhaalrecept', 'puri', 'nethol', 'allopurinol', 'aanvragen', 'bestellen', 'apotheek']",0.57,"['purinethol', 'new', 'prescription', 'repeat_prescription', 'puri', 'nethol', 'allopurinol', 'request', 'order', 'pharmacy']",Medical,Medication
58,274,58_pijn_pijnlijk_erger_zenuwpijn,"['pijn', 'pijnlijk', 'erger', 'zenuwpijn', 'rug', 'stekende', 'onderrug', 'heftig', 'zitten', 'plek']",0.56,"['pain', 'painful', 'worse', 'nerve_pain', 'back', 'stabbing', 'lower_back', 'intense', 'sitting', 'spot']",Medical,Symptoms
80,273,80_reactie_antwoord_bedankt_alvast,"['reactie', 'antwoord', 'bedankt', 'alvast', 'dank', 'tegemoet', 'dankjewel', 'hartelijk', 'zie', 'antwoorden']",0.56,"['response', 'answer', 'thank you', 'already', 'thanks', 'towards', 'thanks_again', 'kindly', 'see', 'answers']
",Non-Medical,Social remarks
52,273,52_eten_eet_voeding_gegeten,"['eten', 'eet', 'voeding', 'gegeten', 'eetlust', 'ditiste', 'voedsel', 'brood', 'drinken', 'vloeibaar']",0.56,"['eating', 'eat', 'nutrition', 'eaten', 'appetite', 'dietitian', 'food', 'bread', 'drinking', 'liquid']",Medical,Diet
43,272,43_darmonderzoek_darm_maagonderzoek_darmkanker,"['darmonderzoek', 'darm', 'maagonderzoek', 'darmkanker', 'bevolkingsonderzoek', 'onderzoek', 'dikke', 'slokdarm', 'darmen', 'maag']",0.56,"['bowel exam', 'colon', 'gastroscopy', 'colon_cancer', 'screening_program', 'examination', 'large_intestine', 'esophagus', 'bowels', 'stomach']
",Medical,Medical examinations
60,268,60_koorts_griep_verkoudheid_verkouden,"['koorts', 'griep', 'verkoudheid', 'verkouden', 'ziek', 'koude', 'rillingen', 'temperatuur', 'verhoging', 'lichte']",0.55,"['fever', 'flu', 'cold', 'cold_symptoms', 'sick', 'chills', 'shivering', 'temperature', 'elevated', 'mild']",Medical,Diseases
64,264,64_gewrichten_handen_vingers_pijn,"['gewrichten', 'handen', 'vingers', 'pijn', 'arm', 'last', 'gewrichtsklachten', 'benen', 'rug', 'linker']",0.54,"['joints', 'hands', 'fingers', 'pain', 'arm', 'discomfort', 'joint_symptoms', 'legs', 'back', 'left']",Medical,Symptoms
51,261,51_bloed_ontlasting_helder_zit,"['bloed', 'ontlasting', 'helder', 'zit', 'soms', 'stoelgang', 'erbij', 'gevonden', 'rood', 'keer']",0.54,"['blood', 'stool', 'bright', 'present', 'sometimes', 'bowel movement', 'included', 'found', 'red', 'time']
",Medical,Symptoms
128,254,128_vraagtekens_verschil_naam_sticker,"['vraagtekens', 'verschil', 'naam', 'sticker', 'gelegd', 'besproken', 'sta', 'begrepen', 'keuze', 'genoteerd']",0.52,"['question marks', 'difference', 'name', 'sticker', 'placed', 'discussed', 'stand', 'understood', 'choice', 'noted']
",Medical,Seeking advice
50,254,50_formulieren_formulier_prikken_bloedafname,"['formulieren', 'formulier', 'prikken', 'bloedafname', 'bloedprik', 'bloedprikken', 'papieren', 'bloed', 'briefjes', 'sturen']",0.52,"['forms', 'form', 'blood draw', 'blood sample', 'blood test', 'blood tests', 'papers', 'blood', 'slips', 'send']
",Non-Medical,Logistical communication regarding blood tests
63,246,63_goedemorgen_goedemiddag_goedendag_goede,"['goedemorgen', 'goedemiddag', 'goedendag', 'goede', 'goedenavond', 'dames', 'morgen', 'middag', 'bedankt', 'fijn']",0.51,"['good_morning', 'good_afternoon', 'good_day', 'good', 'good_evening', 'ladies', 'morning', 'afternoon', 'thanks', 'nice']",Non-Medical,Greetings
90,241,90_huis_thuis_voorraad_liggen,"['huis', 'thuis', 'voorraad', 'liggen', 'stuks', 'doosje', 'vinden', 'gebruikt', 'doos', 'gekregen']",0.5,"['house', 'home', 'supply', 'lying_around', 'pieces', 'box', 'find', 'used', 'package', 'received']",Medical,Home tests
108,233,108_vriendelijke_groet_alvast_geb,"['vriendelijke', 'groet', 'alvast', 'geb', 'hgl', 'groeten', 'datum', 'bedankt', 'geboorte', 'geboortedatum']",0.48,"['kind', 'regards', 'already', 'gb', 'hgl', 'greetings', 'date', 'thanks', 'birth', 'date_of_birth']",Non-Medical,Greetings
47,230,47_uitslagen_bekend_hiervan_inzien,"['uitslagen', 'bekend', 'hiervan', 'inzien', 'horen', 'zien', 'goed', 'doorgefaxt', 'vertellen', 'blij']",0.47,"['results', 'available', 'of this', 'view', 'hear', 'see', 'good', 'faxed', 'tell', 'happy']
",Non-Medical,Communication of test results
71,226,71_keel_hoesten_keelpijn_mond,"['keel', 'hoesten', 'keelpijn', 'mond', 'tandarts', 'neus', 'hoest', 'tandvlees', 'ontstoken', 'tong']",0.47,"['throat', 'coughing', 'sore_throat', 'mouth', 'dentist', 'nose', 'cough', 'gums', 'inflamed', 'tongue']",Medical,Symptoms
46,225,46_pentasa_granulaat_zetpillen_pentaza,"['pentasa', 'granulaat', 'zetpillen', 'pentaza', 'korrels', 'gram', 'recept', 'herhaalrecept', 'gebruik', 'nieuw']",0.46,"['pentasa', 'granules', 'suppositories', 'pentaza', 'grains', 'gram', 'prescription', 'repeat_prescription', 'use', 'new']",Medical,Medication
66,222,66_apotheek_fax_margraten_naam,"['apotheek', 'fax', 'margraten', 'naam', 'gegevens', 'derrein', 'jaj', 'gasthuis', 'glacisweg', 'adres']",0.46,"['pharmacy', 'fax', 'margraten', 'name', 'details', 'area', 'yes_yes', 'hospital', 'glacisweg', 'address']",Non-Medical,Communication with Pharmacy
88,221,88_dank_bedankt_bericht_info,"['dank', 'bedankt', 'bericht', 'info', 'antwoord', 'fijn', 'hartelijk', 'dankjewel', 'merci', 'super']",0.46,"['thanks', 'thank_you', 'message', 'info', 'answer', 'nice', 'kindly', 'thanks_you', 'merci', 'great']",Non-Medical,Social communication
103,219,103_ziekenhuis_ontslagen_opgenomen_echo,"['ziekenhuis', 'ontslagen', 'opgenomen', 'echo', 'ambulance', 'komen', 'lig', 'hulp', 'spoedeisende', 'huisartsenpost']",0.45,"['hospital', 'discharged', 'admitted', 'ultrasound', 'ambulance', 'arrive', 'lying', 'help', 'er', 'after_hours_gp']",Medical,Hospital admission
48,218,48_mri_scan_mriscan_ctscan,"['mri', 'scan', 'mriscan', 'ctscan', 'uitslag', 'gemaakt', 'gepland', 'ingepland', 'bespreken', 'scans']",0.45,"['mri', 'scan', 'mri_scan', 'ct_scan', 'result', 'made', 'scheduled', 'planned_in', 'discuss', 'scans']",Medical,Imaging tests
65,218,65_bloedverlies_bloed_helder_bloedingen,"['bloedverlies', 'bloed', 'helder', 'bloedingen', 'verlies', 'afvegen', 'rood', 'zat', 'spoortje', 'bloedbeeld']",0.45,"['blood loss', 'blood', 'bright', 'bleeding', 'loss', 'wiping', 'red', 'was there', 'trace', 'blood count']",Medical,Symptoms
70,215,70_advies_adviseren_tips_helpen,"['advies', 'adviseren', 'tips', 'helpen', 'graag', 'adviezen', 'hiermee', 'raad', 'raden', 'geven']",0.44,"['advice', 'advise', 'tips', 'help', 'gladly', 'recommendations', 'with_this', 'guidance', 'suggest', 'give']",Medical,Seeking advice
61,210,61_antibiotica_kuur_antibioticakuur_bacterie,"['antibiotica', 'kuur', 'antibioticakuur', 'bacterie', 'probiotica', 'gekregen', 'voorgeschreven', 'infectie', 'antibioticum', 'blaasontsteking']",0.43,"['antibiotics', 'course', 'antibiotic_course', 'bacteria', 'probiotics', 'received', 'prescribed', 'infection', 'antibiotic', 'uti']",Medical,Medication
69,201,69_ontsteking_ontstekingswaarde_ontstekingen_ontstekingswaarden,"['ontsteking', 'ontstekingswaarde', 'ontstekingen', 'ontstekingswaarden', 'actief', 'ontstekingswaardes', 'hoog', 'reuma', 'zien', 'voorkomen']",0.41,"['endoscopy', 'department', 'scheduled', 'date', 'planned', 'listed', 'preparation', 'appointment', 'take_place', 'rectum']",Medical,Imaging tests
49,201,49_endoscopie_afdeling_gepland_datum,"['endoscopie', 'afdeling', 'gepland', 'datum', 'ingepland', 'staat', 'voorbereiding', 'afspraak', 'plaatsvinden', 'endeldarm']",0.41,"['inflammation', 'inflammatory marker', 'inflammations', 'inflammatory markers', 'active', 'inflammatory values', 'high', 'rheumatism', 'see', 'appear']
",Medical,Health condition
76,200,76_snelle_reactie_dank_bedankt,"['snelle', 'reactie', 'dank', 'bedankt', 'antwoord', 'handelen', 'dankjewel', 'snel', 'reageert', 'hartelijk']",0.41,"['quick', 'response', 'thanks', 'thank you', 'answer', 'handle', 'thanks again', 'fast', 'responds', 'kindly']
",Non-Medical,Closing remarks
56,198,56_paracetamol_tramadol_helpt_pijnstillers,"['paracetamol', 'tramadol', 'helpt', 'pijnstillers', 'pijn', 'ibuprofen', 'pijnstiller', 'diclofenac', 'voorgeschreven', 'onderdrukken']",0.41,"['paracetamol', 'tramadol', 'helps', 'painkillers', 'pain', 'ibuprofen', 'painkiller', 'diclofenac', 'prescribed', 'suppress']",Medical,Medication
72,193,72_onderzoek_onderzoeken_meedoen_bevolkingsonderzoek,"['onderzoek', 'onderzoeken', 'meedoen', 'bevolkingsonderzoek', 'genteresseerd', 'darmkanker', 'studie', 'mee', 'roesje', 'deel']",0.4,"['research', 'studies', 'participate', 'screening program', 'interested', 'colon_cancer', 'study', 'participate', 'sedation', 'part']
",Medical,Participation in clinical studies
97,191,97_esomeprazol_omeprazol_dgs_daags,"['esomeprazol', 'omeprazol', 'dgs', 'daags', 'pantoprazol', 'capsules', 'chew', 'mesalazine', 'sulfasalazine', 'loperamide']",0.39,"['esomeprazole', 'omeprazole', 'daily', 'per day', 'pantoprazole', 'capsules', 'chew', 'mesalazine', 'sulfasalazine', 'loperamide']
",Medical,Medication
124,191,124_mvrgr_mvg_mvgr_grt,"['mvrgr', 'mvg', 'mvgr', 'grt', 'beckers', 'will', 'boden', 'experimenteren', 'overmacht', 'mpg']",0.39,"['kind regards', 'mvg', 'mvgr', 'grt', 'beckers', 'will', 'boden', 'experimenting', 'force majeure', 'mpg']
",Non-Medical,Social remarks
101,188,101_brief_ontvangen_verwijsbrief_brieven,"['brief', 'ontvangen', 'verwijsbrief', 'brieven', 'handtekening', 'briefjes', 'verschijnen', 'stempel', 'post', 'voorzien']",0.39,"['letter', 'received', 'referral letter', 'letters', 'signature', 'slips', 'appear', 'stamp', 'post', 'provided']
",Non-Medical,Post communications
74,188,74_slijm_ontlasting_bloed_zit,"['slijm', 'ontlasting', 'bloed', 'zit', 'soms', 'diarree', 'spoortje', 'zichtbaar', 'last', 'prop']",0.39,"['mucus', 'stool', 'blood', 'present', 'sometimes', 'diarrhea', 'trace', 'visible', 'discomfort', 'clump']",Medical,Symptoms
87,185,87_diarree_buikpijn_buikgriep_diaree,"['diarree', 'buikpijn', 'buikgriep', 'diaree', 'water', 'overgeven', 'last', 'remmer', 'overgegeven', 'pijn']",0.38,"['diarrhea', 'abdominal_pain', 'stomach_flu', 'diarrhoea_spelling_alt', 'water', 'vomiting', 'trouble', 'anti_diarrheal', 'vomited', 'pain']",Medical,Symptoms
73,185,73_gebeld_persoonlijk_bellen_mogelijkheden,"['gebeld', 'persoonlijk', 'bellen', 'mogelijkheden', 'vragen', 'spreken', 'gesprek', 'eiland', 'bespreken', 'belt']",0.38,"['called', 'personally', 'calling', 'options', 'questions', 'speak', 'conversation', 'island', 'discuss', 'calls']",Non-Medical,Phone contact
139,182,139_last_winden_soms_overdag,"['last', 'winden', 'soms', 'overdag', 'vervelend', 'best', 'hinder', 'heftig', 'weekend', 'sochtends']",0.38,"['discomfort', 'gas', 'sometimes', 'during_day', 'annoying', 'quite', 'bothersome', 'intense', 'weekend', 'morning']",Medical,Symptoms
120,182,120_ophalen_halen_voorraad_afhalen,"['ophalen', 'halen', 'voorraad', 'afhalen', 'inleveren', 'balie', 'levering', 'morgen', 'brengen', 'meteen']",0.38,"['pick up', 'collect', 'supply', 'collect from', 'submit', 'counter', 'delivery', 'tomorrow', 'bring', 'immediately']
",Non-Medical,Logistics
62,181,62_vitamine_vitamines_doorsturen_spuit,"['vitamine', 'vitamines', 'doorsturen', 'spuit', 'vit', 'calcium', 'vitaminen', 'injecties', 'injectie', 'recept']",0.37,"['vitamin', 'vitamins', 'forward', 'injection', 'vit', 'calcium', 'vitamin_supplements', 'injections', 'injection_single', 'prescription']",Medical,Medication
81,176,81_slijm_bloed_aambeien_soms,"['slijm', 'bloed', 'aambeien', 'soms', 'dun', 'normaal', 'vocht', 'slijmbeursontsteking', 'bloedverlies', 'komt']",0.36,"['mucus', 'blood', 'hemorrhoids', 'sometimes', 'thin', 'normal', 'fluid', 'bursitis', 'blood_loss', 'appears']",Medical,Symptoms
109,173,109_injectie_injecties_infusen_hyrimoz,"['injectie', 'injecties', 'infusen', 'hyrimoz', 'gezet', 'mtx', 'injecteren', 'zetten', 'volgende', 'spuit']",0.36,"['injection', 'injections', 'infusions', 'hyrimoz', 'administered', 'mtx', 'injecting', 'give_injection', 'next', 'shot']",Medical,Injection
136,171,136_jeukt_rood_plek_bultjes,"['jeukt', 'rood', 'plek', 'bultjes', 'rode', 'pijnlijk', 'gezwollen', 'voelt', 'jeuk', 'dik']",0.35,"['enemas', 'enema', 'used', 'enemas_alt', 'use', 'salofalk', 'budenofalk', 'try', 'order', 'started']",Medical,Medication
59,171,59_klysmas_klysma_gebruikt_klismas,"['klysmas', 'klysma', 'gebruikt', 'klismas', 'gebruiken', 'salofalk', 'budenofalk', 'proberen', 'bestellen', 'begonnen']",0.35,"['itchy', 'red', 'spot', 'bumps', 'redness', 'painful', 'swollen', 'feels', 'itch', 'thick']",Medical,Symptoms
77,169,77_lab_biologicals_chemie_labformulieren,"['lab', 'biologicals', 'chemie', 'labformulieren', 'klinische', 'labbriefjes', 'labformulier', 'bureau', 'potje', 'labuitslagen']",0.35,"['lab', 'biologics', 'chemistry', 'lab forms', 'clinical', 'lab slips', 'lab form', 'desk', 'stool pot', 'lab results']
",Medical,Lab tests
94,169,94_verwijzing_doorgestuurd_komen_neer,"['verwijzing', 'doorgestuurd', 'komen', 'neer', 'verhuisd', 'terecht', 'service', 'geb', 'schiphorst', 'ritje']",0.35,"['referral', 'forwarded', 'arrive', 'down', 'moved', 'ended up', 'service', 'gb', 'schiphorst', 'trip']
",Medical,Referral
85,168,85_slaap_slapen_wakker_bed,"['slaap', 'slapen', 'wakker', 'bed', 'geslapen', 'nachten', 'nacht', 'nachtrust', 'vannacht', 'snachts']",0.35,"['sleep', 'sleeping', 'awake', 'bed', 'slept', 'nights', 'night', 'sleep_quality', 'last night', 'at night']
",Medical,Symptoms
68,165,68_ijzer_ijzerinfuus_ijzergehalte_ijzertekort,"['ijzer', 'ijzerinfuus', 'ijzergehalte', 'ijzertekort', 'laag', 'ijzertabletten', 'tekort', 'infuus', 'gehalte', 'magnesium']",0.34,"['iron', 'iron infusion', 'iron level', 'iron deficiency', 'low', 'iron tablets', 'deficiency', 'infusion', 'level', 'magnesium']
",Medical,Blood levels of iron
96,162,96_krampen_buikkrampen_buikklachten_kramp,"['krampen', 'buikkrampen', 'buikklachten', 'kramp', 'flinke', 'last', 'lucht', 'voeten', 'soms', 'gepaard']",0.33,"['cramps', 'abdominal_cramps', 'abdominal_complaints', 'cramp', 'severe', 'discomfort', 'gas', 'feet', 'sometimes', 'accompanied']",Medical,Symptoms
89,161,89_snelle_reactie_bedankt_dank,"['snelle', 'reactie', 'bedankt', 'dank', 'antwoord', 'dankjewel', 'hulp', 'reageren', 'snel', 'nogmaals']",0.33,"['quick', 'response', 'thank_you', 'thanks', 'answer', 'thanks_again', 'help', 'responding', 'fast', 'again']",Non-Medical,Social remarks
141,161,141_nakijken_mening_denken_voorstel,"['nakijken', 'mening', 'denken', 'voorstel', 'hierover', 'achteraan', 'hoop', 'akkoord', 'visie', 'begrijpt']",0.33,"['check', 'opinion', 'think', 'proposal', 'about this', 'follow up', 'hope', 'agree', 'view', 'understand']
",Medical,Seeking advice
133,158,133_controle_jaarlijkse_controles_afspraak,"['controle', 'jaarlijkse', 'controles', 'afspraak', 'controleafspraak', 'controlestrook', 'jaar', 'regelen', 'inplannen', 'komen']",0.33,"['Follow-up', 'annual', 'checkups', 'appointment', 'follow up appointment', 'checkup', 'year', 'arrange', 'schedule', 'come in']
",Medical,Follow-up
106,157,106_huid_gezicht_jeuk_droge,"['huid', 'gezicht', 'jeuk', 'droge', 'rode', 'vlekken', 'huiduitslag', 'acne', 'haaruitval', 'hoofdhuid']",0.32,"['skin', 'face', 'itch', 'dry', 'red', 'spots', 'rash', 'acne', 'hair_loss', 'scalp']",Medical,Symptoms
132,156,132_misselijk_misselijkheid_overgeven_eetlust,"['misselijk', 'misselijkheid', 'overgeven', 'eetlust', 'braken', 'gevoel', 'eten', 'maag', 'opgeblazen', 'vermoeid']",0.32,"['nauseous', 'nausea', 'vomiting', 'appetite', 'throwing_up', 'feeling', 'eating', 'stomach', 'bloated', 'tired']",Medical,Symptoms
86,156,86_kilo_gewicht_afgevallen_weeg,"['kilo', 'gewicht', 'afgevallen', 'weeg', 'gewichtsverlies', 'afvallen', 'sporten', 'conditie', 'woog', 'vallen']",0.32,"['kilo', 'weight', 'lost_weight', 'weigh', 'weight_loss', 'losing_weight', 'exercise', 'condition', 'weighed', 'drop']",Medical,Symptoms of weight loss
152,153,152_duidelijkheid_informatie_vertellen_geven,"['duidelijkheid', 'informatie', 'vertellen', 'geven', 'nagedacht', 'antwoord', 'weten', 'hoop', 'info', 'daarover']",0.32,"['clarity', 'information', 'tell', 'give', 'thought about', 'answer', 'know', 'hope', 'info', 'about it']
",Medical,Seeking advice
107,152,107_bericht_bedankt_berichtje_dankjewel,"['bericht', 'bedankt', 'berichtje', 'dankjewel', 'dank', 'terugkoppeling', 'mail', 'mededeling', 'okay', 'doorsturen']",0.31,"['message', 'thank you', 'message', 'thanks again', 'thanks', 'feedback', 'email', 'notification', 'okay', 'forward']
",Non-Medical,Social remarks
75,150,75_coloscopie_colonscopie_colonoscopie_gastroscopie,"['coloscopie', 'colonscopie', 'colonoscopie', 'gastroscopie', 'gepland', 'ondergaan', 'beelden', 'staat', 'biopten', 'sigmoidoscopie']",0.31,"['colonoscopy', 'colonoscopy_alt', 'colonoscopie', 'gastroscopy', 'scheduled', 'undergo', 'images', 'listed', 'biopsies', 'sigmoidoscopy']",Medical,Imaging test
79,148,79_dermatoloog_dermatologie_doorverwijzing_verwijzing,"['dermatoloog', 'dermatologie', 'doorverwijzing', 'verwijzing', 'verwijsbrief', 'doorverwezen', 'wondjes', 'ivm', 'haaruitval', 'vervolgafspraak']",0.31,"['dermatologist', 'dermatology', 'referral', 'referral letter', 'referral form', 'referred', 'wounds', 'regarding', 'hair loss', 'follow up appointment']
",Medical,Referral to other specialists
84,143,84_zetpillen_pillen_gebruik_gebruiken,"['zetpillen', 'pillen', 'gebruik', 'gebruiken', 'herhaalrecept', 'gestopt', 'anticonceptiepil', 'voorgeschreven', 'red', 'doosje']",0.29,"['suppositories', 'pills', 'use', 'use_alt', 'repeat_prescription', 'stopped', 'birth_control_pill', 'prescribed', 'just', 'box']",Medical,Medication
83,139,83_thiosix_herhaalrecept_nieuw_recept,"['thiosix', 'herhaalrecept', 'nieuw', 'recept', 'calcium', 'uitschrijven', 'apotheek', 'tabletten', 'aub', 'kauwtabletten']",0.29,"['thiosix', 'repeat prescription', 'new', 'prescription', 'calcium', 'write out', 'pharmacy', 'tablets', 'please', 'chewable tablets']
",Medical,Medication
95,138,95_mdl_arts_mdlarts_verpleegkundige,"['mdl', 'arts', 'mdlarts', 'verpleegkundige', 'ibd', 'doorverwezen', 'huisarts', 'artsen', 'afspraak', 'patinten']",0.28,"['gastroenterology', 'doctor', 'gastroenterologist', 'nurse', 'ibd', 'referred', 'general_practitioner', 'doctors', 'appointment', 'patients']",Medical,Doctor contact
98,135,98_vragenlijst_ingevuld_invullen_vragenlijsten,"['vragenlijst', 'ingevuld', 'invullen', 'vragenlijsten', 'vullen', 'vragen', 'antwoorden', 'lijst', 'doorgekomen', 'maandelijks']",0.28,"['questionnaire', 'filled in', 'fill in', 'questionnaires', 'fill', 'questions', 'answers', 'list', 'received', 'monthly']
",Medical,Questionnaire
135,133,135_toilet_slijm_ontlasting_papier,"['toilet', 'slijm', 'ontlasting', 'papier', 'keer', 'erbij', 'bloed', 'soms', 'waarvan', 'dunne']",0.27,"['toilet', 'mucus', 'stool', 'paper', 'times', 'along_with', 'blood', 'sometimes', 'of_which', 'loose']",Medical,Symptoms
125,133,125_psylliumvezels_metamucil_vezels_suikervrij,"['psylliumvezels', 'metamucil', 'vezels', 'suikervrij', 'teva', 'orange', 'volcolon', 'foliumzuur', 'recept', 'magnesiumhydroxide']",0.27,"['psyllium fibers', 'metamucil', 'fibers', 'sugar free', 'teva', 'orange', 'volcolon', 'folic acid', 'prescription', 'magnesium hydroxide']
",Medical,Diet
134,131,134_zalf_crme_creme_diltiazem,"['zalf', 'crme', 'creme', 'diltiazem', 'druppels', 'gekregen', 'helpt', 'kruiden', 'ontstekingsremmende', 'gesmeerd']",0.27,"['ointment', 'cream', 'cream', 'diltiazem', 'drops', 'received', 'helps', 'herbal', 'anti inflammatory', 'applied']
",Medical,Medication
105,128,105_verzekering_zorgverzekering_risico_vergoed,"['verzekering', 'zorgverzekering', 'risico', 'vergoed', 'aanvraag', 'levensverzekering', 'uwv', 'gegevens', 'medische', 'zorgverzekeraar']",0.26,"['insurance', 'health_insurance', 'risk', 'covered', 'application', 'life_insurance', 'social_security', 'details', 'medical', 'insurer']",Non-Medical,Insurance
151,127,151_corona_virus_positief_getest,"['corona', 'virus', 'positief', 'getest', 'vaccinatie', 'besmetting', 'vaccin', 'besmet', 'negatief', 'vraag']",0.26,"['blood draw', 'blood test', 'let', 'more convenient', 'antibodies', 'drawn', 'thyroid', 'blood test day', 'blood form', 'pen needle']
",Medical,Blood tests
116,127,116_prikken_prik_laten_handiger,"['prikken', 'prik', 'laten', 'handiger', 'antistoffen', 'geprikt', 'schildklier', 'prikdag', 'prikbriefje', 'prikpen']",0.26,"['corona', 'virus', 'positive', 'tested', 'vaccination', 'infection', 'vaccine', 'infected', 'negative', 'question']",Medical,Coronavirus
99,126,99_sessie_inloggen_sessies_melding,"['sessie', 'inloggen', 'sessies', 'melding', 'account', 'staat', 'wachtwoord', 'ingevuld', 'ingelogd', 'foutmelding']",0.26,"['session', 'log in', 'sessions', 'notification', 'account', 'status', 'password', 'filled in', 'logged in', 'error message']
",Non-Medical,App use
110,125,110_anus_aambeien_vagina_fistel,"['anus', 'aambeien', 'vagina', 'fistel', 'gevoel', 'pijn', 'jeuk', 'branderig', 'endeldarm', 'linkerbil']",0.26,"['anus', 'hemorrhoids', 'vagina', 'fistula', 'feeling', 'pain', 'itch', 'burning', 'rectum', 'left_buttock']",Medical,Symptoms
115,122,115_longen_cardioloog_hart_longarts,"['longen', 'cardioloog', 'hart', 'longarts', 'longfoto', 'hartslag', 'longontsteking', 'hartkloppingen', 'cardiologie', 'ecg']",0.25,"['lungs', 'cardiologist', 'heart', 'lung_specialist', 'chest_xray', 'heart_rate', 'pneumonia', 'palpitations', 'cardiology', 'ecg']",Medical,Diseases
118,121,118_zorgen_bang_ongerust_begin,"['zorgen', 'bang', 'ongerust', 'begin', 'risico', 'geschrokken', 'hierdoor', 'angstig', 'fistels', 'letten']",0.25,"['concerns', 'afraid', 'worried', 'beginning', 'risk', 'shocked', 'because_of_this', 'anxious', 'fistulas', 'pay_attention']",Medical,Psychological feelings
104,119,104_urine_blaas_nieren_nier,"['urine', 'blaas', 'nieren', 'nier', 'blaasontsteking', 'kweek', 'urinekweek', 'urineweginfectie', 'nierfunctie', 'galstenen']",0.25,"['urine', 'bladder', 'kidneys', 'kidney', 'uti', 'culture', 'urine culture', 'urinary infection', 'kidney function', 'gallstones']
",Medical,Urine test and kidney function
143,114,143_excuses_sorry_late_vele,"['excuses', 'sorry', 'late', 'vele', 'jammer', 'excuus', 'geduld', 'ongemak', 'vergissing', 'verhinderd']",0.23,"['excuses', 'sorry', 'late', 'many', 'shame', 'apology', 'patience', 'inconvenience', 'mistake', 'prevented']",Non-Medical,Social remarks
92,114,92_cortiment_stoppen_slik_verbetering,"['cortiment', 'stoppen', 'slik', 'verbetering', 'afbouwen', 'slikken', 'starten', 'onderste', 'tabletten', 'bezig']",0.23,"['cortiment', 'stop', 'take', 'improvement', 'taper', 'taking', 'start', 'lower', 'tablets', 'busy']",Medical,Medication
114,112,114_hoofdpijn_duizelig_duizeligheid_hoofd,"['hoofdpijn', 'duizelig', 'duizeligheid', 'hoofd', 'migraine', 'licht', 'symptomen', 'hartkloppingen', 'last', 'gevoel']",0.23,"['headache', 'dizzy', 'dizziness', 'head', 'migraine', 'light', 'symptoms', 'palpitations', 'discomfort', 'feeling']",Medical,Symptoms
130,111,130_gehoord_vernomen_heden_helaas,"['gehoord', 'vernomen', 'heden', 'helaas', 'hierover', 'bevestiging', 'bericht', 'gekregen', 'hierop', 'horen']",0.23,"['heard', 'learned', 'today', 'unfortunately', 'about this', 'confirmation', 'message', 'received', 'regarding this', 'hear']
",Non-Medical,Administrative communcation
129,107,129_app_telefoon_downloaden_ondersteund,"['app', 'telefoon', 'downloaden', 'ondersteund', 'gsm', 'telefoons', 'iphone', 'geprobeerd', 'code', 'mobiele']",0.22,"['app', 'phone', 'download', 'supported', 'mobile', 'phones', 'iphone', 'tried', 'code', 'mobile_device']",Non-Medical,App use
153,107,153_bekend_uitgekomen_dingen_onbekend,"['bekend', 'uitgekomen', 'dingen', 'onbekend', 'nieuwsgierig', 'wijsheid', 'gegevens', 'weet', 'duidelijk', 'hierover']",0.22,"['known', 'found', 'things', 'unknown', 'curious', 'wisdom', 'details', 'know', 'clear', 'about_this']",Non-Medical,Test results inquiry
112,107,112_scopie_gepland_plaatsvinden_echo,"['scopie', 'gepland', 'plaatsvinden', 'echo', 'staat', 'sedatie', 'narcose', 'echoscopie', 'poliafspraak', 'verslagen']",0.22,"['scopy', 'scheduled', 'take place', 'ultrasound', 'listed', 'sedation', 'anesthesia', 'ultrasound exam', 'clinic appointment', 'reports']
",Medical,Imaging tests
131,106,131_azathioprine_daags_tablet_compres,"['azathioprine', 'daags', 'tablet', 'compres', 'klinion', 'pillen', 'bestellen', 'calci', 'sulfasalazine', 'chew']",0.22,"['azathioprine', 'per_day', 'tablet', 'compress', 'klinion', 'pills', 'order', 'calci', 'sulfasalazine', 'chew']",Medical,Medication
102,104,102_spiegel_dalspiegel_medicijnspiegel_spiegels,"['spiegel', 'dalspiegel', 'medicijnspiegel', 'spiegels', 'bekend', 'prikken', 'medicatiespiegel', 'laten', 'uitslag', 'antistoffen']",0.21,"['trough level', 'drug trough', 'medication level', 'levels', 'known', 'draw blood', 'drug level', 'let', 'result', 'antibodies']
",Medical,Blood drug levels
149,102,149_reactie_antwoord_bedankt_dank,"['reactie', 'antwoord', 'bedankt', 'dank', 'hoi', 'dankjewel', 'hallo', 'groet', 'hartelijk', 'alvast']",0.21,"['response', 'answer', 'thank you', 'thanks', 'hi', 'thanks again', 'hello', 'regards', 'kindly', 'already']
",Non-Medical,Social communication
140,100,140_stress_druk_periode_rol,"['stress', 'druk', 'periode', 'rol', 'stressvolle', 'speelt', 'brengt', 'werk', 'onderdruk', 'psycholoog']",0.21,"['stress', 'pressure', 'period', 'role', 'stressful', 'plays', 'brings', 'work', 'under_pressure', 'psychologist']",Medical,Stress
93,100,93_ogen_oogarts_oog_oogontsteking,"['ogen', 'oogarts', 'oog', 'oogontsteking', 'ontstoken', 'opticien', 'rood', 'zicht', 'droge', 'last']",0.21,"['eyes', 'ophthalmologist', 'eye', 'eye_inflammation', 'inflamed', 'optician', 'red', 'vision', 'dry', 'complaint']",Medical,Diseases
113,98,113_colitis_ulcerosa_collitis_colitus,"['colitis', 'ulcerosa', 'collitis', 'colitus', 'symptomen', 'klachten', 'vermoeden', 'opgetreden', 'jaar', 'momenteel']",0.2,"['colitis', 'ulcerosa', 'colitis', 'colitis', 'symptoms', 'complaints', 'suspect', 'occurred', 'year', 'currently']
",Medical,Diseases
100,98,100_quanton_cal_quantoncal_test,"['quanton', 'cal', 'quantoncal', 'test', 'app', 'zelftest', 'gedaan', 'telefoon', 'testen', 'downloaden']",0.2,"['quanton', 'cal', 'quantoncal', 'test', 'app', 'self_test', 'done', 'phone', 'testing', 'download']",Medical,Fecal tests
145,97,145_adres_mailadres_oude_gewijzigd,"['adres', 'mailadres', 'oude', 'gewijzigd', 'verhuisd', 'wijzigen', 'verhuizing', 'veranderd', 'email', 'veranderen']",0.2,"['address', 'email address', 'old', 'changed', 'moved', 'change', 'moving', 'modified', 'email', 'alter']
",Non-Medical,Administrative communication
154,96,154_foto_fotos_bestand_toegevoegd,"['foto', 'fotos', 'bestand', 'toegevoegd', 'groot', 'beeld', 'bijgevoegd', 'stuur', 'pdf', 'bijlage']",0.2,"['photo', 'photos', 'file', 'attached', 'large', 'image', 'attached alt', 'send', 'pdf', 'attachment']
",Non-Medical,App use
117,88,117_vedolizumab_vedoluzimab_infuus_geplend,"['vedolizumab', 'vedoluzimab', 'infuus', 'geplend', 'systeem', 'vedo', 'staat', 'naast', 'entyvio', 'spiegel']",0.18,"['vedolizumab', 'vedoluzimab', 'infusion', 'planned', 'system', 'vedo', 'listed', 'next_to', 'entyvio', 'trough_level']",Medical,Medication
147,88,147_mis_gegaan_fout_gebeuren,"['mis', 'gegaan', 'fout', 'gebeuren', 'misgegaan', 'hand', 'orde', 'nakijken', 'gaat', 'verkeerde']",0.18,"['gone', 'wrong', 'error', 'happen', 'went wrong', 'hand', 'order', 'check', 'goes', 'incorrect']
",Non-Medical,Logistical communication
138,86,138_remicade_remsima_infuus_komende,"['remicade', 'remsima', 'infuus', 'komende', 'krijg', 'volgende', 'mss', 'inflectra', 'kuurtje', 'bloedbriefjes']",0.18,"['remicade', 'remsima', 'infusion', 'coming', 'receive', 'next', 'maybe', 'inflectra', 'little_course', 'blood_slips']",Medical,Medication
148,86,148_horen_fijn_nieuws_goed,"['horen', 'fijn', 'nieuws', 'goed', 'expertise', 'toezending', 'journaal', 'gelinkt', 'super', 'fantastisch']",0.18,"['hear', 'nice', 'news', 'good', 'expertise', 'sending', 'journal', 'linked', 'great', 'fantastic']",Non-Medical,Administrative communication
137,86,137_drinken_drink_liter_gedronken,"['drinken', 'drink', 'liter', 'gedronken', 'alcohol', 'water', 'nutridrink', 'thee', 'vocht', 'vloeistof']",0.18,"['drink', 'drinking', 'liter', 'drank', 'alcohol', 'water', 'nutridrink', 'tea', 'fluid', 'liquid']",Medical,Diet
144,84,144_mvg_swinkels_kollar_alvast,"['mvg', 'swinkels', 'kollar', 'alvast', 'hoor', 'pijltjes', 'boumans', 'onderkant', 'siao', 'kim']",0.17,"['mvg', 'swinkels', 'kollar', 'already', 'hear', 'arrows', 'boumans', 'bottom', 'siao', 'kim']",Non-Medical,Social communications
111,81,111_calpro_thuistest_waarde_calprosmart,"['calpro', 'thuistest', 'waarde', 'calprosmart', 'test', 'calprotest', 'gedaan', 'uitslag', 'hoger', 'meten']",0.17,"['calpro', 'home test', 'value', 'calprosmart', 'test', 'calprotest', 'done', 'result', 'higher', 'measure']
",Medical,Home fecal tests
126,79,126_stoma_stomaverpleegkundige_verwijderd_operatie,"['stoma', 'stomaverpleegkundige', 'verwijderd', 'operatie', 'puntjes', 'darm', 'tijdelijk', 'dikke', 'opinion', 'second']",0.16,"['stoma', 'stoma nurse', 'removed', 'surgery', 'sutures', 'bowel', 'temporary', 'colon', 'opinion', 'second opinion']
",Medical,Health condition/Surgery
123,77,123_reumatoloog_reumatologie_artrose_fibromyalgie,"['reumatoloog', 'reumatologie', 'artrose', 'fibromyalgie', 'hematoloog', 'verwijzing', 'reumaverpleegkundige', 'consult', 'reuma', 'afspraak']",0.16,"['rheumatologist', 'rheumatology', 'osteoarthritis', 'fibromyalgia', 'hematologist', 'referral', 'rheuma_nurse', 'consult', 'rheumatism', 'appointment']",Medical,Diseases
127,75,127_infliximab_infuus_subcutaan_infliximap,"['infliximab', 'infuus', 'subcutaan', 'infliximap', 'dalspiegel', 'aankomende', 'volgende', 'gebruik', 'ofwel', 'krijg']",0.15,"['infliximab', 'infusion', 'subcutaneous', 'infliximap', 'trough_level', 'upcoming', 'next', 'use', 'either', 'receive']",Medical,Medications
122,74,122_ustekinumab_ustekinimab_the_injection,"['ustekinumab', 'ustekinimab', 'the', 'injection', 'spiegel', 'and', 'injectie', 'blood', 'already', 'spuit']",0.15,"['ustekinumab', 'ustekinimab', 'the', 'injection', 'trough_level', 'and', 'injection_alt', 'blood', 'already', 'shot']",Medical,Medications
146,72,146_budenofalk_budesonide_stoppen_salofalk,"['budenofalk', 'budesonide', 'stoppen', 'salofalk', 'bijsluiter', 'bijwerking', 'gebruik', 'gestopt', 'thiosix', 'netjes']",0.15,"['budenofalk', 'budesonide', 'stop', 'salofalk', 'leaflet', 'side_effect', 'use', 'stopped', 'thiosix', 'properly']",Medical,Medications
142,70,142_picoprep_moviprep_voorbereiding_instructies,"['picoprep', 'moviprep', 'voorbereiding', 'instructies', 'opgehaald', 'drinken', 'zakjes', 'recept', 'tabletjes', 'beginnen']",0.14,"['picoprep', 'moviprep', 'preparation', 'instructions', 'picked_up', 'drink', 'sachets', 'prescription', 'small_tablets', 'start']",Medical,Medications
155,69,155_beclometason_zetpillen_beclametason_beclomethason,"['beclometason', 'zetpillen', 'beclametason', 'beclomethason', 'beclamethason', 'remeron', 'mezavant', 'gestart', 'gebruik', 'duspetal']",0.14,"['beclometasone', 'suppositories', 'beclametason', 'beclomethason', 'beclamethason', 'remeron', 'mezavant', 'started', 'use', 'duspetal']",Medical,Medications
156,66,156_opvlamming_warmte_broeien_angst,"['opvlamming', 'warmte', 'broeien', 'angst', 'geachte', 'voelt', 'bijvoorbeeld', 'nou', 'gerookt', 'worm']",0.14,"['flare', 'warmth', 'smoldering', 'anxiety', 'dear', 'feels', 'for_example', 'well', 'smoked', 'worm']",Medical,Flares