Topic,Count,Name,Representation,Representative_Docs,Rank,Translation,Category
32,2868,32_vriendelijke_groet_groeten_vriendelijk,"['vriendelijke', 'groet', 'groeten', 'vriendelijk', 'hartelijke', 'geb', 'groetjes', 'afwachting', 'bvd', 'contactpersoon']","['Met vriendelijke groet       Met', 'met vriendelijke groet,  ', 'Met vriendelijke  groet   .']",1,"['kind', 'regards', 'greetings', 'friendly', 'kindly', 'regards_abbrev', 'cheers', 'awaiting', 'thanks_in_advance', 'contact_person']",Non-Medical
0,1484,0_ontlasting_ingeleverd_inleveren_bloed,"['ontlasting', 'ingeleverd', 'inleveren', 'bloed', 'prikken', 'uitslag', 'laten', 'leveren', 'bloedprikken', 'buisje']","['Beste, dinsdag 8 maart heb ik bloed laten prikken en ontlasting ingeleverd.', 'Hallo,  Ik heb 2 weken geleden ontlasting ingeleverd en bloed laten prikken.', 'Hallo, ik heb in augustus in   bloed laten prikken en ontlasting ingeleverd.']",2,"['stool sample', 'submitted', 'submit', 'blood', 'blood draw', 'result', 'have done', 'submit', 'blood draw', 'collection tube']",Medical
1,1315,1_bellen_bereikbaar_telefonisch_gebeld,"['bellen', 'bereikbaar', 'telefonisch', 'gebeld', 'contact', 'belafspraak', 'nummer', 'telefonische', 'telefoon', 'opnemen']","['Hallo,  Zouden jullie mij kunnen bellen op  .', 'Zou ik telefonisch gebeld kunnen worden door jullie?', 'Mocht U toch nog telefonisch contact met mij willen hebben dan ben ik gewoon bereikbaar onder nummer   Met vriendelijke groet,  ']",3,"['call', 'reachable', 'by phone', 'called', 'contact', 'call appointment', 'phone number', 'telephone', 'phone', 'pick up']",Non-Medical
2,1292,2_recept_apotheek_sturen_nieuw,"['recept', 'apotheek', 'sturen', 'nieuw', 'faxen', 'herhaalrecept', 'herhaal', 'doorsturen', 'ophalen', 'recepten']","['Graag het recept naar apotheek  .', 'Er was echter geen recept bij de apotheek.', 'Nog steeds geen recept binnen bij apotheek!']",4,"['prescription', 'pharmacy', 'send', 'location', 'new', 'fax', 'repeat prescription', 'repeat', 'forward', 'collect']",Non-Medical
3,1086,3_medicatie_medicijnen_medicijn_bijwerkingen,"['medicatie', 'medicijnen', 'medicijn', 'bijwerkingen', 'kuur', 'gebruiken', 'stoppen', 'gebruik', 'voorgeschreven', 'medicijngebruik']","['Mijn medicatie is bijna op.', 'Zou dit iets met medicatie te maken kunnen hebben?', 'De medicatie is namelijk op.']",5,"['medication', 'medicines', 'medicine', 'side effects', 'treatment course', 'use', 'stop', 'medication use', 'prescribed', 'medication use']",Medical
78,1017,78_groeten_groet_groetjes_will,"['groeten', 'groet', 'groetjes', 'will', 'merci', 'wijsheid', 'paffen', 'schoonzus', 'groetje', 'geb']","['groeten  ', 'Groeten,   ', 'Groeten aan jou en iedereen,   ']",6,"['greetings', 'regards', 'cheers', 'will', 'merci', 'wisdom', 'paffen', 'sister_in_law', 'greeting_alt', 'gb']",Non-Medical
4,1004,4_afspraak_staan_afspraken_gepland,"['afspraak', 'staan', 'afspraken', 'gepland', 'verzetten', 'plannen', 'nieuwe', 'agenda', 'gemaakt', 'inplannen']","['Maandag a.s. heb ik een afspraak met  .', 'Kan ik een afspraak maken bij  ', 'Op maandag 9 augustus heb ik een afspraak bij  .']",7,"['appointment', 'listed', 'appointments', 'scheduled', 'reschedule', 'schedule', 'new', 'agenda', 'made', 'plan']",Non-Medical
6,977,6_gaat_beter_goed_slechter,"['gaat', 'beter', 'goed', 'slechter', 'ging', 'gelukkig', 'helemaal', 'rustig', 'komt', 'gebeurd']","['Gaat nu ook inderdaad wat beter.', 'Het gaat nu wat beter.', 'Gaat wat beter nu.']",8,"['goes', 'better', 'well', 'worse', 'went', 'fortunately', 'completely', 'calm', 'comes', 'happened']",Non-Medical
5,946,5_huisarts_dokter_arts_contact,"['huisarts', 'dokter', 'arts', 'contact', 'medische', 'afspraak', 'behandelend', 'huisartsenpost', 'bespreken', 'opnemen']","['Zou ik naar de huisarts moeten?', 'Ik ben afgelopen vrijdag weer bij de huisarts geweest.', 'Ja bij mijn huisarts.']",9,"['general practitioner', 'doctor', 'physician', 'contact', 'medical', 'appointment', 'treating physician', 'after-hours clinic', 'discuss', 'contact']",Medical
150,830,150_groetjes_liefs_smart_lachen,"['groetjes', 'liefs', 'smart', 'lachen', 'boden', 'typ', 'hetvolgende', 'miranda', 'vergelijk', 'beangstigend']","['Groetjes nicky  ', 'Groetjes    ', 'Groetjes,      .']",10,"['greetings', 'love', 'smart', 'laughing', 'boden', 'type', 'the_following', 'miranda', 'compare', 'frightening']",Non-Medical
9,795,9_mogelijk_bedoeling_mee_optie,"['mogelijk', 'bedoeling', 'mee', 'optie', 'klopt', 'geregeld', 'reden', 'oorzaak', 'komt', 'mogelijkheden']","['Hoor graag of dit mogelijk is.', 'Ik hoor graag of dit mogelijk is en hoe verder.', 'Ik hoor graag of dat mogelijk is.']",11,"['possible', 'intention', 'with', 'option', 'correct', 'arranged', 'reason', 'cause', 'comes', 'problem']",Non-Medical
8,693,8_prikken_bloed_laten_bloedprikken,"['prikken', 'bloed', 'laten', 'bloedprikken', 'geprikt', 'bloedgeprikt', 'gaan', 'ziekenhuis', 'voren', 'laat']","['Ik heb overigens gisterenochtend bloed laten prikken.', 'Ik heb echter nog geen bloed laten prikken.', 'Moet ik misschien bloed laten prikken?']",12,"['blood draw', 'blood', 'have done', 'blood draw', 'blood drawn', 'blood drawn', 'hospital', 'go', 'before', 'have done']",Medical
11,652,11_hoi_prima_fijn_hallo,"['hoi', 'prima', 'fijn', 'hallo', 'bedankt', 'oke', 'bericht', 'dankjewel', 'dank', 'groetjes']","['Hoi  , dat is prima.', 'Hoi  ,  Dit is prima.', 'Hoi  ,   Dat is prima!']",13,"['hi', 'fine', 'nice', 'hello', 'thanks', 'okay', 'message', 'thank you', 'thanks', 'greetings']",Non-Medical
7,642,7_humira_spuit_spuiten_zetten,"['humira', 'spuit', 'spuiten', 'zetten', 'injectie', 'gebruik', 'gespoten', 'spiegel', 'prik', 'injecties']","['Ik kan elke week humira niet aan.', 'Dit alles had ik bij de humira niet.', '( humira)     ']",14,"['humira', 'pen', 'inject', 'inject', 'injection', 'use', 'injected', 'drug level', 'shot', 'injections']",Medical
54,638,54_hoor_graag_groetjes_groet,"['hoor', 'graag', 'groetjes', 'groet', 'vriendelijke', 'hoop', 'horen', 'hoogte', 'groeten', 'vernemen']","['Ik hoor het graag  ', 'Ik hoor graag van u.', 'Ik hoor t graag van jullie']",15,"['hear', 'please', 'greetings', 'regards', 'kind', 'hope', 'hear_back', 'updated', 'greetings', 'let_me_know']",Non-Medical
14,638,14_mail_ontvangen_bericht_sturen,"['mail', 'ontvangen', 'bericht', 'sturen', 'post', 'gestuurd', 'email', 'verstuurd', 'opsturen', 'versturen']","['Ik heb nog geen bericht ontvangen.', 'Hallo, Dit is de mail die ik heb ontvangen.', 'Zij hebben daar een mail over ontvangen.']",16,"['mail', 'receive', 'message', 'send', 'post', 'sent', 'email', 'sent', 'send', 'send']",Non-Medical
40,598,40_bedankt_dank_alvast_dankjewel,"['bedankt', 'dank', 'alvast', 'dankjewel', 'hartelijk', 'moeite', 'hulp', 'voorbaat', 'oke', 'hartstikke']","['Alvast hartelijk dank !', 'Alvast hartelijk dank.', 'Alvast hartelijk dank!']",17,"['thanks', 'thanks', 'already', 'thank you', 'thanks', 'effort', 'help', 'in advance', 'okay', 'thank you very much']",Non-Medical
24,575,24_alvast_bedankt_dank_vriendelijke,"['alvast', 'bedankt', 'dank', 'vriendelijke', 'groet', 'dankjewel', 'voorbaat', 'groetjes', 'groeten', 'hartelijk']","['Alvast bedankt met vriendelijke groet  ', 'Bedankt alvast, Met vriendelijke groet   ', 'Alvast bedankt, met vriendelijke groet,  ']",18,"['already', 'thanks', 'thank you', 'kind regards', 'thank you', 'in advance', 'greetings', 'greetings', 'kind regards']",Non-Medical
31,570,31_datum_middag_morgen_laat,"['datum', 'middag', 'morgen', 'laat', 'ochtend', 'gepland', 'half', 'the', 'geboortedatum', 'mogelijk']","['Datum van verzameling is  .', 'De datum is 18 november.', 'Er is nog geen datum gepland.']",19,"['date', 'afternoon', 'tomorrow', 'late', 'morning', 'scheduled', 'half', 'the', 'date of birth', 'possible']",Non-Medical
26,563,26_tabletten_tablet_dosis_dosering,"['tabletten', 'tablet', 'dosis', 'dosering', 'daags', 'innemen', 'gram', 'slik', 'mezavant', 'gebruik']","['Nog 15 tabletten dan!', 'Ik heb nog 24 tabletten.', 'Mijn tabletten zijn bijna op.']",20,"['tablets', 'tablet', 'dose', 'dosage', 'daily', 'take', 'gram', 'take', 'mezavant', 'use']",Medical
12,549,12_bloeduitslagen_bloeduitslag_bloedwaarden_uitslagen,"['bloeduitslagen', 'bloeduitslag', 'bloedwaarden', 'uitslagen', 'bloed', 'bekend', 'bloedwaardes', 'uitslag', 'bloedonderzoek', 'benieuwd']","['Zijn de bloeduitslagen al bekend.', 'De bloeduitslagen zijn volgens mij nog niet bekend.', 'zijn de bloeduitslagen al bekend?']",21,"['blood results', 'blood result', 'blood values', 'blood', 'results', 'known', 'blood values', 'result', 'blood test', 'curious']",Medical
13,543,13_ontlasting_dunne_stoelgang_waterige,"['ontlasting', 'dunne', 'stoelgang', 'waterige', 'dun', 'vaste', 'aandrang', 'soms', 'buikpijn', 'keer']","['Het is ook solid ontlasting.', 'Heb wel een pluiziger ontlasting.', '), 10-15 x per dag ontlasting.']",22,"['stool', 'loose stool', 'bowel movement', 'watery', 'diarrhea', 'formed', 'urgency', 'sometimes', 'abdominal pain', 'times']",Medical
10,538,10_test_thuistest_testen_gedaan,"['test', 'thuistest', 'testen', 'gedaan', 'zelftest', 'thuistesten', 'positief', 'getest', 'scannen', 'negatief']","['Zal ik doen ,ik heb nog een test.', 'Ik heb nog een test.', 'Hij scande de test niet.']",23,"['test', 'home test', 'test', 'performed', 'self-test', 'home tests', 'positive', 'tested', 'scan', 'negative']",Medical
16,499,16_uitslag_resultaten_hiervan_bekend,"['uitslag', 'resultaten', 'hiervan', 'bekend', 'resultaat', 'daarvan', 'benieuwd', 'weten', 'duurt', 'graag']","['Heb je voor mij de uitslag?', 'Hebben jullie hier de uitslag van ?', 'Hebben jullie hier misschien al de uitslag van?']",24,"['result', 'results', 'of this', 'known', 'result', 'thereof', 'curious', 'know', 'takes', 'please']",Medical
15,477,15_infuus_volgende_infuuscentrum_entyvio,"['infuus', 'volgende', 'infuuscentrum', 'entyvio', 'gepland', 'krijg', 'toegediend', 'staat', 'biological', 'aanstaande']","['Ik heb 9 augustus wel mijn infuus gehad.', 'Tijdens het infuus.', 'Op 10 maar moet ik in   zijn voor mijn infuus.']",25,"['infusion', 'next', 'infusion center', 'Entyvio', 'scheduled', 'receive', 'administered', 'scheduled', 'biologic', 'upcoming']",Medical
30,475,30_beste_dank_bericht_bedankt,"['beste', 'dank', 'bericht', 'bedankt', 'heer', 'reactie', 'hartelijk', 'geachte', 'antwoord', 'snelle']","['Beste  ,  Dank je wel voor het bericht.', 'Beste  ,  Dank voor het bericht.', 'Beste  , dank voor jouw bericht.']",26,"['dear', 'thanks', 'message', 'thank you', 'sir', 'response', 'kind regards', 'dear', 'answer', 'quick']",Non-Medical
17,454,17_calprotectine_waarde_thuistest_test,"['calprotectine', 'waarde', 'thuistest', 'test', 'bekend', 'uitslag', 'gemeten', 'gedaan', 'bepalen', 'gestegen']","['hoe is de uitslag van de calprotectine?', 'En de calprotectine?', 'En de calprotectine is ook al binnen?']",27,"['calprotectin', 'value', 'home test', 'test', 'known', 'result', 'measured', 'done', 'determine', 'increased']",Medical
57,441,57_hoop_wacht_afwachten_wachten,"['hoop', 'wacht', 'afwachten', 'wachten', 'proberen', 'hopelijk', 'kijken', 'blijft', 'snel', 'hopen']","['Dan wacht ik af tot 8 augustus.', 'Oké dan wacht ik tot maandag.', 'ik hoop dat het eerder kan, ik wacht het af.']",28,"['hope', 'waiting', 'wait', 'waiting', 'try', 'hopefully', 'see', 'soon', 'remains', 'hope']",Non-Medical
19,414,19_klachten_verergerd_erger_verminderd,"['klachten', 'verergerd', 'erger', 'verminderd', 'toenemen', 'contact', 'verergeren', 'verbeterd', 'spelen', 'helaas']","['Heb geen klachten.', 'Ik hb en had ook eigenlijk geen klachten.', 'Zelf heb ik geen klachten.']",29,"['symptoms', 'worsened', 'worse', 'improved', 'increased', 'contact', 'worsen', 'improved', 'occur', 'unfortunately']",Medical
21,412,21_formulieren_formulier_potje_papieren,"['formulieren', 'formulier', 'potje', 'papieren', 'toestemmingsformulier', 'toesturen', 'opsturen', 'sturen', 'buisje', 'toestemming']","['Ik heb namelijk hier geen formulieren meer voor.', 'Ik heb de formulieren etc.', '  doe ik dat, ik heb nog formulieren hier.']",30,"['forms', 'form', 'sample container', 'papers', 'consent form', 'send', 'send', 'send', 'collection tube', 'consent']",Non-Medical
18,410,18_prednison_prednisolon_afgebouwd_afbouwen,"['prednison', 'prednisolon', 'afgebouwd', 'afbouwen', 'afbouwschema', 'starten', 'gestart', 'gebruik', 'slikken', 'slik']","['ik heb 10 dagen prednison gehad.', 'Ik neem nog 10 mg prednison.', 't/m 22-08 prednison 71/2 v.a.']",31,"['prednisone', 'prednisolone', 'tapered', 'tapering', 'tapering schedule', 'start', 'started', 'use', 'take', 'take']",Medical
25,395,25_vaccinatie_vaccin_griepprik_vaccinaties,"['vaccinatie', 'vaccin', 'griepprik', 'vaccinaties', 'gevaccineerd', 'vaccineren', 'astrazeneca', 'covid', 'pfizer', 'mensen']","['Ik neig naar het  BioNTech/Pfizer vaccin omdat dit geen vector vaccin is?', 'het vaccin van  ?', '12 mei heb ik mijn tweede vaccinatie met het Moderna vaccin in het  .']",32,"['vaccination', 'vaccine', 'flu shot', 'vaccinations', 'vaccinated', 'vaccinate', 'astrazeneca', 'covid', 'pfizer', 'people']",Medical
33,395,33_buik_onderbuik_pijn_bovenbuik,"['buik', 'onderbuik', 'pijn', 'bovenbuik', 'opgezette', 'gevoel', 'links', 'last', 'ribben', 'rechts']","['Beste,  Sinds deze week heb ik veel last van mijn buik.', 'Mijn buik doet al drie weken heel naar.', 'Ik heb veel pijn in mijn buik.']",33,"['abdomen', 'lower abdomen', 'pain', 'upper abdomen', 'bloated', 'feeling', 'discomfort', 'left', 'ribs', 'right']",Medical
28,391,28_waardes_waarde_waarden_hoog,"['waardes', 'waarde', 'waarden', 'hoog', 'gemeten', 'verhoging', 'crp', 'laag', 'gedaald', 'verhoogd']","['Wat zijn de afgelopen waardes van mijn Hb geweest?', 'mijn waardes zijn nu 139.', 'Zo ja, wat zijn deze waardes?']",34,"['values', 'value', 'values', 'high', 'measured', 'increase', 'CRP', 'low', 'decreased', 'elevated']",Medical
29,387,29_fijne_weekend_feestdagen_fijn,"['fijne', 'weekend', 'feestdagen', 'fijn', 'gewenst', 'alvast', 'wensen', 'wens', 'prettige', 'gezond']","['Alvast bedankt en fijne Feestdagen.', 'Alvast bedankt en fijne feestdagen!', 'fijne weekend alvast.']",35,"['nice', 'weekend', 'holidays', 'good', 'wished', 'already', 'wishes', 'wish', 'pleasant', 'healthy']",Non-Medical
34,378,34_hiermee_mee_weet_hieraan,"['hiermee', 'mee', 'weet', 'hieraan', 'ondernemen', 'oplossing', 'helpen', 'beste', 'hoor', 'actie']","['Ik weet niet wat ik hiermee moet?', 'Ik weet even niet wat ik hiermee moet?', 'Weet niet zo goed wat hiermee te doen?']",36,"['with_this', 'with_it', 'know', 'regarding_this', 'take_action', 'solution', 'help', 'best', 'hear', 'action']",Medical
22,374,22_poli_poliafspraak_afspraak_polie,"['poli', 'poliafspraak', 'afspraak', 'polie', 'polibezoek', 'interne', 'plannen', 'bellen', 'gepland', 'staan']","['5 juli heb ik toch n poli-afspraak bij  .', 'Ik heb morgenvrowg een afspraak op de poli', 'Er zou dan een afspraak gemaakr worden op de poli.']",37,"['outpatient', 'outpatient appointment', 'appointment', 'clinic', 'clinic visit', 'internal medicine', 'schedule', 'call', 'scheduled', 'listed']",Non-Medical
27,373,27_darmen_darm_darmklachten_dikke,"['darmen', 'darm', 'darmklachten', 'dikke', 'last', 'rustig', 'onrustig', 'laatste', 'merk', 'darmproblemen']","['Ik heb geen last van mijn darmen.', 'Ik heb de afgelopen dagen steeds meer last van mijn darmen.', 'Ik heb sinds een week of twee/drie meer last van mijn darmen.']",38,"['intestines', 'intestine', 'bowel symptoms', 'large intestine', 'discomfort', 'calm', 'restless', 'recent', 'notice', 'bowel problems']",Medical
20,360,20_crohn_ziekte_reuma_bechterew,"['crohn', 'ziekte', 'reuma', 'bechterew', 'rustig', 'combinatie', 'medicatie', 'ontstekingen', 'gerelateerd', 'ivm']","['Kan dit iets met de crohn te maken hebben en is hier iets aan te doen?', 'Zou het kunnen dat dit te maken heeft met Crohn?', 'Kan ik dit gewoon nemen of doet dit ook iets aan de crohn.']",39,"['crohn', 'disease', 'rheumatism', 'bechterew', 'stable', 'combination', 'medication', 'inflammation', 'related', 'due to']",Medical
23,352,23_toilet_vaker_rennen_gemiddeld,"['toilet', 'vaker', 'rennen', 'gemiddeld', 'keer', 'plassen', 'nacht', 'hoef', 'toiletbezoeken', 'gaan']","['Meestal maar 1x per dag naar toilet.', ""Ga zo'n 4 - 6x per dag naar het toilet."", 'Kan sinds maandag niet naar het toilet.']",40,"['toilet', 'more often', 'rush', 'average', 'times', 'urinate', 'night', 'need to', 'go', 'toilet visits']",Medical
91,339,91_hallo_bespreken_gisteren_gesproken,"['hallo', 'bespreken', 'gisteren', 'gesproken', 'overleg', 'hoi', 'gesprek', 'beste', 'enof', 'vorige']","['T.a.v.  ,  Goedemiddag,  Ik heb vandaag even met   gesproken betreffende mijn klachten.', 'Vorige week maandag heb met   gesproken.', 'Hoi   en  ,   Vanmorgen heb ik   gesproken op de poli.']",41,"['hello', 'discuss', 'yesterday', 'spoken', 'consultation', 'hi', 'conversation', 'dear', 'and_or', 'previous']",Non-Medical
55,333,55_lang_jaar_maanden_duurt,"['lang', 'jaar', 'maanden', 'duurt', 'interval', 'minuten', 'duren', 'keer', 'wachten', 'zon']","['Het is een jaar geleden.', 'Vorig jaar moest dat iedere 4 maanden.', 'Ik weet even niet meer zeker of ik het nog een keer moest doen dit jaar.']",42,"['long', 'year', 'months', 'takes', 'interval', 'minutes', 'lasts', 'times', 'age', 'waiting']",Medical
35,321,35_ibd_ibdcoach_periodieke_gezondheidscheck,"['ibd', 'ibdcoach', 'periodieke', 'gezondheidscheck', 'vragenlijst', 'vullen', 'check', 'team', 'invullen', 'sessie']","['Hallo,  Is het mogelijk om de periodieke gezondheidscheck om de 3 maanden in te vullen?', 'Ik kreeg vandaag het verzoek om de periodieke vragenlijst in Mijn IBD Coach in te vullen.', 'Goede morgen Ibdcoach.']",43,"['ibd', 'ibd_coach', 'periodic', 'health_check', 'questionnaire', 'fill_in', 'check', 'team', 'complete', 'session']",Medical
38,314,38_spuit_spuiten_zetten_vloeistof,"['spuit', 'spuiten', 'zetten', 'vloeistof', 'gezet', 'gespoten', 'zet', 'hyrimoz', 'naald', 'druppels']","['Dan spuit ik a.s. maandag weer.', 'Aangezien het ook een spuit is.', ' , Ik heb afgelopen maandag de tweede spuit om de zes weken gehad.']",44,"['injection', 'injecting', 'administer', 'fluid', 'administered', 'injected', 'give_injection', 'hyrimoz', 'needle', 'drops']",Medical
42,313,42_vermoeidheid_moe_energie_vermoeid,"['vermoeidheid', 'moe', 'energie', 'vermoeid', 'voel', 'merk', 'vermoeidheidsklachten', 'inspanning', 'fit', 'sporten']","['Weinig energie en moe.', 'Beste,   De laatste tijd heb ik weinig energie en voel ik me vaak moe.', 'Maar ik heb wel last van vermoeidheid, geen energie.']",45,"['fatigue', 'tired', 'energy', 'fatigued', 'feel', 'notice', 'fatigue_symptoms', 'effort', 'fit', 'exercise']",Medical
44,308,44_buikpijn_opgeblazen_maagklachten_last,"['buikpijn', 'opgeblazen', 'maagklachten', 'last', 'gevoel', 'ontzettende', 'maagstreek', 'buik', 'maagpijn', 'pijn']","['Af en toe nog wat buikpijn.', 'Ja ik heb ook elke dag buikpijn.', 'Minder buikpijn.']",46,"['abdominal_pain', 'bloated', 'stomach_complaints', 'discomfort', 'feeling', 'severe', 'upper_abdomen', 'abdomen', 'stomach_pain', 'pain']",Medical
39,308,39_operatie_geopereerd_chirurg_chirurgie,"['operatie', 'geopereerd', 'chirurg', 'chirurgie', 'herstel', 'opereren', 'kaakchirurg', 'plaatsvinden', 'anesthesist', 'narcose']","['Nu hoor ik net dat mijn operatie pas over 3 weken.', 'Hoi   of   afgelopen maandag mijn operatie gehad.', 'Graag zou ik nu weten wat dat voor een operatie zou zijn.']",47,"['surgery', 'operated', 'surgeon', 'surgery_department', 'recovery', 'operate', 'oral_surgeon', 'take_place', 'anesthesiologist', 'anesthesia']",Medical
119,306,119_doorgeven_melden_wilde_weten,"['doorgeven', 'melden', 'wilde', 'weten', 'bespreken', 'genformeerd', 'hopende', 'voldoende', 'graag', 'vandaar']","['maar wilde dit toch even aan je melden.', 'Wilde het toch even melden.', 'Ik wilde dit even melden.']",48,"['pass_on', 'report', 'wanted', 'know', 'discuss', 'informed', 'hoping', 'sufficiently', 'please', 'therefore']",Medical
121,303,121_hum_hpm_tel_gebdatum,"['hum', 'hpm', 'tel', 'gebdatum', 'geboortedatum', 'groet', 'fax', 'gebdat', 'kollar', 'stappen']","['groet, HUM      ', 'Groet, HUM  ', 'groet,  HUM     tel  ']",49,"['hum', 'hpm', 'phone', 'dob', 'date_of_birth', 'greeting', 'fax', 'dob_alt', 'kollar', 'steps']",Non-Medical
37,297,37_vraag_vragen_vraagje_vraagjes,"['vraag', 'vragen', 'vraagje', 'vraagjes', 'tweetal', 'navragen', 'aantal', 'hallo', 'daarnaast', 'stellen']","['Hallo...ik heb een vraagje.', 'Hallo, Ik heb een vraagje.', 'Hallo,  Ik heb even een vraagje.']",50,"['question', 'questions', 'small_question', 'questions_small', 'a_few', 'ask_about', 'number', 'hello', 'besides_that', 'ask']",Non-Medical
45,291,45_vakantie_vertrek_nederland_reizen,"['vakantie', 'vertrek', 'nederland', 'reizen', 'terug', 'gaan', 'geboekt', 'griekenland', 'eind', 'rijden']","['Ik ga vrijdag namelijk op vakantie.', 'Ik ben dan eigenlijk al op vakantie.....', 'Ik ga over 2 weken op vakantie.']",51,"['holiday', 'departure', 'netherlands', 'traveling', 'return', 'go', 'booked', 'greece', 'end', 'driving']",Medical
41,289,41_zwanger_gynaecoloog_zwangerschap_bevallen,"['zwanger', 'gynaecoloog', 'zwangerschap', 'bevallen', 'miskraam', 'keizersnede', 'verloskundige', 'ongesteld', 'dochter', 'baby']","['Over 2 weken (week 25) ben ik weer 8 weken zwanger.', 'Ik ben bijna 15 weken zwanger.', 'Ik ben nu 28,5 zwanger.']",52,"['pregnant', 'gynecologist', 'pregnancy', 'gave_birth', 'miscarriage', 'c_section', 'midwife', 'menstruating', 'daughter', 'baby']",Medical
82,288,82_consult_telefonisch_spreekuur_psycholoog,"['consult', 'telefonisch', 'spreekuur', 'psycholoog', 'gesprek', 'telefonische', 'contact', 'afspraak', 'bespreken', 'second']","['Mag ook een telefonisch consult zijn.', 'Of wordt dit een telefonisch consult?', 'Ik had eigenlijk afgelopen maandag een telefonisch consult.']",53,"['consult', 'phone', 'clinic_hours', 'psychologist', 'conversation', 'telephone', 'contact', 'appointment', 'discuss', 'second_opinion']",Medical
53,287,53_voel_voelde_echt_slecht,"['voel', 'voelde', 'echt', 'slecht', 'lekker', 'voelen', 'moedeloos', 'beter', 'ziek', 'goed']","['Verder voel ik me goed!', 'Voel mij ook heel goed.', 'Ik voel me redelijk.']",54,"['feel', 'felt', 'really', 'bad', 'okay', 'feeling', 'discouraged', 'better', 'sick', 'good']",Medical
67,279,67_werk_werken_thuis_werkgever,"['werk', 'werken', 'thuis', 'werkgever', 'school', 'kinderen', 'onderwijs', 'kinderdagverblijf', 'baan', 'stage']","['Wel ben ik weer meer aan het werk in mijn horecazaak.', 'Ik werk in het basisonderwijs.', 'Ik werk namelijk van ma t/m vr.']",55,"['work', 'working', 'home', 'employer', 'school', 'children', 'daycare', 'education', 'job', 'internship']",Medical
36,277,36_purinethol_nieuw_recept_herhaalrecept,"['purinethol', 'nieuw', 'recept', 'herhaalrecept', 'puri', 'nethol', 'allopurinol', 'aanvragen', 'bestellen', 'apotheek']","['Beste, graag krijg ik een recept voor purinethol.', 'Beste,  Zou ik weer een recept mogen krijgen voor de purinethol?', 'Het gaat om de purinethol.']",56,"['purinethol', 'new', 'prescription', 'repeat_prescription', 'puri', 'nethol', 'allopurinol', 'request', 'order', 'pharmacy']",Medical
58,274,58_pijn_pijnlijk_erger_zenuwpijn,"['pijn', 'pijnlijk', 'erger', 'zenuwpijn', 'rug', 'stekende', 'onderrug', 'heftig', 'zitten', 'plek']","['Dit is ondoenlijk van wege de pijn!', 'Geen pijn meer in.', 'Is er iets wat ik kan doen tegen de pijn?']",57,"['pain', 'painful', 'worse', 'nerve_pain', 'back', 'stabbing', 'lower_back', 'intense', 'sitting', 'spot']",Medical
52,273,52_eten_eet_voeding_gegeten,"['eten', 'eet', 'voeding', 'gegeten', 'eetlust', 'ditiste', 'voedsel', 'brood', 'drinken', 'vloeibaar']","['Wat mag ik wel/ niet eten?', 'ook na het eten.', 'Eten gaat nog redelijk goed, ik eet misschien iets minder.']",58,"['eating', 'eat', 'nutrition', 'eaten', 'appetite', 'dietitian', 'food', 'bread', 'drinking', 'liquid']",Medical
80,273,80_reactie_antwoord_bedankt_alvast,"['reactie', 'antwoord', 'bedankt', 'alvast', 'dank', 'tegemoet', 'dankjewel', 'hartelijk', 'zie', 'antwoorden']","['Bedankt voor je reactie!', 'Bedankt voor uw reactie!', 'Bedankt voor u reactie.']",59,"['response', 'answer', 'thank_you', 'already', 'thanks', 'towards', 'thanks_again', 'kindly', 'see', 'answers']",Non-Medical
43,272,43_darmonderzoek_darm_maagonderzoek_darmkanker,"['darmonderzoek', 'darm', 'maagonderzoek', 'darmkanker', 'bevolkingsonderzoek', 'onderzoek', 'dikke', 'slokdarm', 'darmen', 'maag']","['Beste,   Afgelopen vrijdag heb ik een darmonderzoek gehad.', 'Ook al heb ik dan het darmonderzoek nog niet gehad?', '9 september heb ik een darmonderzoek.']",60,"['bowel_exam', 'colon', 'gastroscopy', 'colon_cancer', 'screening_program', 'examination', 'large_intestine', 'esophagus', 'bowels', 'stomach']",Medical
60,268,60_koorts_griep_verkoudheid_verkouden,"['koorts', 'griep', 'verkoudheid', 'verkouden', 'ziek', 'koude', 'rillingen', 'temperatuur', 'verhoging', 'lichte']","['dus geen koorts.', 'Dus geen koorts.', 'Nu heb ik geen koorts meer.']",61,"['fever', 'flu', 'cold', 'cold_symptoms', 'sick', 'chills', 'shivering', 'temperature', 'elevated', 'mild']",Medical
64,264,64_gewrichten_handen_vingers_pijn,"['gewrichten', 'handen', 'vingers', 'pijn', 'arm', 'last', 'gewrichtsklachten', 'benen', 'rug', 'linker']","['- Pijn in gewrichten/peesaanhechtingen.', 'Ik heb wel heel veel kaat van mijn handen en andere gewrichten.', 'Sinds 10 dagen heb ik veel last van mijn gewrichten in mijn handen en doen mijn ellebogen veel pijn.']",62,"['joints', 'hands', 'fingers', 'pain', 'arm', 'discomfort', 'joint_symptoms', 'legs', 'back', 'left']",Medical
51,261,51_bloed_ontlasting_helder_zit,"['bloed', 'ontlasting', 'helder', 'zit', 'soms', 'stoelgang', 'erbij', 'gevonden', 'rood', 'keer']","['Af en toe alleen wat bloed bij de ontlasting.', 'Nog steeds veel bloed bij de ontlasting.', 'Ik heb nog steeds bloed bij de ontlasting.']",63,"['blood', 'stool', 'bright', 'present', 'sometimes', 'bowel_movement', 'included', 'found', 'red', 'time']",Medical
50,254,50_formulieren_formulier_prikken_bloedafname,"['formulieren', 'formulier', 'prikken', 'bloedafname', 'bloedprik', 'bloedprikken', 'papieren', 'bloed', 'briefjes', 'sturen']","['Kun jij mij dan weer nieuwe formulieren sturen voor als ik weer bloed moet prikken.', 'Ik zal dan zodra Ik de formulieren heb, bloed gaan prikken.', 'Ik heb geen formulieren meer voor het prikken van het bloed.']",64,"['forms', 'form', 'blood_draw', 'blood_sample', 'blood_test', 'blood_tests', 'papers', 'blood', 'slips', 'send']",Non-Medical
128,254,128_vraagtekens_verschil_naam_sticker,"['vraagtekens', 'verschil', 'naam', 'sticker', 'gelegd', 'besproken', 'sta', 'begrepen', 'keuze', 'genoteerd']","['Er zit wel nog een sticker met "" ""op maar ik neem aan dat de nieuwe sticker er gewoon overheen geplakt word.', ' , Sorry voor die vraagtekens, dat was niet de bedoeling!', 'Overigens die vraagtekens aan het einde van mijn vorige zin waren een emoticon met een knipoog, hahahaha, maar het systeem maakte er vraagtekens van...']",65,"['question_marks', 'difference', 'name', 'sticker', 'placed', 'discussed', 'stand', 'understood', 'choice', 'noted']",Non-Medical
63,246,63_goedemorgen_goedemiddag_goedendag_goede,"['goedemorgen', 'goedemiddag', 'goedendag', 'goede', 'goedenavond', 'dames', 'morgen', 'middag', 'bedankt', 'fijn']","['Goedemorgen,  Op 19 mei jl.', 'Goedemorgen, Ah!', 'Goedemorgen,  Dat zal ik doen!']",66,"['good_morning', 'good_afternoon', 'good_day', 'good', 'good_evening', 'ladies', 'morning', 'afternoon', 'thanks', 'nice']","Non-Medical
"
90,241,90_huis_thuis_voorraad_liggen,"['huis', 'thuis', 'voorraad', 'liggen', 'stuks', 'doosje', 'vinden', 'gebruikt', 'doos', 'gekregen']","['Deze dan een paar keer zodat ik er op voorraad heb liggen.', 'Hij heeft er nog van thuis liggen.', 'Ik heb nog dat thuis liggen.']",67,"['house', 'home', 'supply', 'lying_around', 'pieces', 'box', 'find', 'used', 'package', 'received']",Non-Medical
108,233,108_vriendelijke_groet_alvast_geb,"['vriendelijke', 'groet', 'alvast', 'geb', 'hgl', 'groeten', 'datum', 'bedankt', 'geboorte', 'geboortedatum']","['Met vriendelijke groet,      ', 'Met vriendelijke groet,      ', 'Met vriendelijke groet,       ']",68,"['kind', 'regards', 'already', 'gb', 'hgl', 'greetings', 'date', 'thanks', 'birth', 'date_of_birth']",Non-Medical
47,230,47_uitslagen_bekend_hiervan_inzien,"['uitslagen', 'bekend', 'hiervan', 'inzien', 'horen', 'zien', 'goed', 'doorgefaxt', 'vertellen', 'blij']","['Hoe zijn de uitslagen ?', 'Ik vroeg me af wat hier de uitslagen van waren?', 'Wat zijn de uitslagen?']",69,"['results', 'available', 'of_this', 'view', 'hear', 'see', 'good', 'faxed', 'tell', 'happy']",Medical
71,226,71_keel_hoesten_keelpijn_mond,"['keel', 'hoesten', 'keelpijn', 'mond', 'tandarts', 'neus', 'hoest', 'tandvlees', 'ontstoken', 'tong']","['Beste  / ,  Ik heb al een paar dagen last van mijn keel.', 'Ik hoest nog steeds, geen keelpijn, maar wel door het hoesten een geirriteerde  keel.', 'Ik heb wel nog last van een pijnlijke keel en hoesten.']",70,"['throat', 'coughing', 'sore_throat', 'mouth', 'dentist', 'nose', 'cough', 'gums', 'inflamed', 'tongue']",Medical
46,225,46_pentasa_granulaat_zetpillen_pentaza,"['pentasa', 'granulaat', 'zetpillen', 'pentaza', 'korrels', 'gram', 'recept', 'herhaalrecept', 'gebruik', 'nieuw']","['Ik zou graag een nieuw recept willen voor de pentasa 1 x 4 g per dag.', 'Mag ik opnieuw een recept voor de pentasa  Met vriendelijke  ', 'Pentasa granulated 2gr  ']",71,"['pentasa', 'granules', 'suppositories', 'pentaza', 'grains', 'gram', 'prescription', 'repeat_prescription', 'use', 'new']",Medical
66,222,66_apotheek_fax_margraten_naam,"['apotheek', 'fax', 'margraten', 'naam', 'gegevens', 'derrein', 'jaj', 'gasthuis', 'glacisweg', 'adres']","['Ik ga nog steeds naar apotheek   in het  .', 'Mijn apotheek is   in  .', 'Mijn apotheek is    .']",72,"['pharmacy', 'fax', 'margraten', 'name', 'details', 'area', 'yes_yes', 'hospital', 'glacisweg', 'address']",Non-Medical
88,221,88_dank_bedankt_bericht_info,"['dank', 'bedankt', 'bericht', 'info', 'antwoord', 'fijn', 'hartelijk', 'dankjewel', 'merci', 'super']","[' , dank voor jouw bericht.', 'Dank je wel voor je bericht,  .', ' , dank voor je bericht.']",73,"['thanks', 'thank_you', 'message', 'info', 'answer', 'nice', 'kindly', 'thanks_you', 'merci', 'great']",Non-Medical
103,219,103_ziekenhuis_ontslagen_opgenomen_echo,"['ziekenhuis', 'ontslagen', 'opgenomen', 'echo', 'ambulance', 'komen', 'lig', 'hulp', 'spoedeisende', 'huisartsenpost']","['Hij moet dan toch om 12 uur in het ziekenhuis zijn.', 'Ik ben vrijdag weer in het ziekenhuis.', 'Dan ben ik maandag gewoon in het ziekenhuis.']",74,"['hospital', 'discharged', 'admitted', 'ultrasound', 'ambulance', 'arrive', 'lying', 'help', 'er', 'after_hours_gp']",Medical
48,218,48_mri_scan_mriscan_ctscan,"['mri', 'scan', 'mriscan', 'ctscan', 'uitslag', 'gemaakt', 'gepland', 'ingepland', 'bespreken', 'scans']","['Hallo,   agelopen zaterdag   ben ik voor de MRI scan geweest!', 'Hallo  /   Ik heb op 8 april a.s een MRI scan.', 'Uitslag mri scan.']",75,"['mri', 'scan', 'mri_scan', 'ct_scan', 'result', 'made', 'scheduled', 'planned_in', 'discuss', 'scans']",Medical
65,218,65_bloedverlies_bloed_helder_bloedingen,"['bloedverlies', 'bloed', 'helder', 'bloedingen', 'verlies', 'afvegen', 'rood', 'zat', 'spoortje', 'bloedbeeld']","['Dan wel met veel bloedverlies.', 'Ik heb nog steeds bloedverlies.', 'En veel bloedverlies.']",76,"['blood_loss', 'blood', 'bright', 'bleeding', 'loss', 'wiping', 'red', 'was_there', 'trace', 'blood_count']",Medical
70,215,70_advies_adviseren_tips_helpen,"['advies', 'adviseren', 'tips', 'helpen', 'graag', 'adviezen', 'hiermee', 'raad', 'raden', 'geven']","['Hebben jullie een advies voor mij?', 'Wat is jullie advies hierin?', 'Wat is jullie advies in deze?']",77,"['advice', 'advise', 'tips', 'help', 'gladly', 'recommendations', 'with_this', 'guidance', 'suggest', 'give']",Medical
61,210,61_antibiotica_kuur_antibioticakuur_bacterie,"['antibiotica', 'kuur', 'antibioticakuur', 'bacterie', 'probiotica', 'gekregen', 'voorgeschreven', 'infectie', 'antibioticum', 'blaasontsteking']","['Hoi  ,  ik ben bij de huisarts geweest en heb een antibiotica kuur van 5 dagen gekregen.', 'Nee geen antibiotica kuur gehad.', 'Ik heb antibiotica gekregen.']",78,"['antibiotics', 'course', 'antibiotic_course', 'bacteria', 'probiotics', 'received', 'prescribed', 'infection', 'antibiotic', 'uti']",Medical
49,201,49_endoscopie_afdeling_gepland_datum,"['endoscopie', 'afdeling', 'gepland', 'datum', 'ingepland', 'staat', 'voorbereiding', 'afspraak', 'plaatsvinden', 'endeldarm']","['Op 19 juni heb ik een endoscopie gehad.', 'Op woensdag 11 maart heb ik in   een endoscopie gehad.', 'Ik heb 7 April een endoscopie gehad.']",79,"['endoscopy', 'department', 'scheduled', 'date', 'planned', 'listed', 'preparation', 'appointment', 'take_place', 'rectum']",Medical
69,201,69_ontsteking_ontstekingswaarde_ontstekingen_ontstekingswaarden,"['ontsteking', 'ontstekingswaarde', 'ontstekingen', 'ontstekingswaarden', 'actief', 'ontstekingswaardes', 'hoog', 'reuma', 'zien', 'voorkomen']","['De ontsteking is nl.', 'de ontsteking lijkt niet minder te worden.', 'De ontsteking is nu wel weer weg.']",80,"['inflammation', 'inflammatory_marker', 'inflammations', 'inflammatory_markers', 'active', 'inflammatory_values', 'high', 'rheumatism', 'see', 'appear']",Medical
76,200,76_snelle_reactie_dank_bedankt,"['snelle', 'reactie', 'dank', 'bedankt', 'antwoord', 'handelen', 'dankjewel', 'snel', 'reageert', 'hartelijk']","['Dag  ,  bedankt voor de snelle reactie!', 'Ok  , bedankt voor je snelle reactie.', ' ,  Bedankt voor de snelle reactie.']",81,"['quick', 'response', 'thanks', 'thank_you', 'answer', 'handle', 'thanks_again', 'fast', 'responds', 'kindly']",Non-Medical
56,198,56_paracetamol_tramadol_helpt_pijnstillers,"['paracetamol', 'tramadol', 'helpt', 'pijnstillers', 'pijn', 'ibuprofen', 'pijnstiller', 'diclofenac', 'voorgeschreven', 'onderdrukken']","['En is er, buiten paracetamol, iets tegen de pijn te doen?', 'mag ik paracetamol/ibubrofen?', '  iedere dag vier paracetamol van 500mg.']",82,"['paracetamol', 'tramadol', 'helps', 'painkillers', 'pain', 'ibuprofen', 'painkiller', 'diclofenac', 'prescribed', 'suppress']",Medical
72,193,72_onderzoek_onderzoeken_meedoen_bevolkingsonderzoek,"['onderzoek', 'onderzoeken', 'meedoen', 'bevolkingsonderzoek', 'genteresseerd', 'darmkanker', 'studie', 'mee', 'roesje', 'deel']","['Zou graag mijn bijdrage aan dit onderzoek willen doen.', 'Zelf zou ik graag een onderzoek willen en welke maakt mij niet uit.', 'Wat heeft dit onderzoek uitgewezen?']",83,"['research', 'studies', 'participate', 'screening_program', 'interested', 'colon_cancer', 'study', 'participate', 'sedation', 'part']",Medical
124,191,124_mvrgr_mvg_mvgr_grt,"['mvrgr', 'mvg', 'mvgr', 'grt', 'beckers', 'will', 'boden', 'experimenteren', 'overmacht', 'mpg']","['Mvrgr,  ', 'Mvrgr,   ( )', 'MVRGR,    ']",84,"['kind_regards_abbrev', 'mvg', 'mvgr', 'grt', 'beckers', 'will', 'boden', 'experimenting', 'force_majeure', 'mpg']",Non-Medical
97,191,97_esomeprazol_omeprazol_dgs_daags,"['esomeprazol', 'omeprazol', 'dgs', 'daags', 'pantoprazol', 'capsules', 'chew', 'mesalazine', 'sulfasalazine', 'loperamide']","['Esomeprazol heb ik voorgeschreven gekregen door  .', 'Hallo ik had graag een recept voor esomeprazol 40 mg .', 'Voor de Esomeprazol Aristo, 40 mg.']",85,"['esomeprazole', 'omeprazole', 'daily', 'per_day', 'pantoprazole', 'capsules', 'chew', 'mesalazine', 'sulfasalazine', 'loperamide']",Medical
101,188,101_brief_ontvangen_verwijsbrief_brieven,"['brief', 'ontvangen', 'verwijsbrief', 'brieven', 'handtekening', 'briefjes', 'verschijnen', 'stempel', 'post', 'voorzien']","['Dus als dat zo is zou ik dan zo’n brief kunnen ontvangen?', 'Hallo,  Ik heb de brief m.tb.t.', ' ,   Deze brief heb ik.']",86,"['letter', 'received', 'referral_letter', 'letters', 'signature', 'slips', 'appear', 'stamp', 'post', 'provided']",Non-Medical
74,188,74_slijm_ontlasting_bloed_zit,"['slijm', 'ontlasting', 'bloed', 'zit', 'soms', 'diarree', 'spoortje', 'zichtbaar', 'last', 'prop']","['Sinds 2 dagen heb ik weer wat slijm en bloed bij de ontlasting.', 'Geen bloed of slijm bij de ontlasting.', 'Ik heb eigenlijk nooit veel bloed of slijm bij mijn ontlasting gehad.']",87,"['mucus', 'stool', 'blood', 'present', 'sometimes', 'diarrhea', 'trace', 'visible', 'discomfort', 'clump']",Medical
73,185,73_gebeld_persoonlijk_bellen_mogelijkheden,"['gebeld', 'persoonlijk', 'bellen', 'mogelijkheden', 'vragen', 'spreken', 'gesprek', 'eiland', 'bespreken', 'belt']","['Ik zou haar graag persoonlijk spreken kan dat?', 'ze zou mij daar donderdag voor terug bellen maar ik ben niet gebeld.', 'Ik wil heel graag met haar overleggen wat de mogelijkheden zijn en wanneer ze het niet weet, de mogelijkheden bekijken om een second opinion in overleg aan te vragen.']",88,"['called', 'personally', 'calling', 'options', 'questions', 'speak', 'conversation', 'island', 'discuss', 'calls']",Non-Medical
87,185,87_diarree_buikpijn_buikgriep_diaree,"['diarree', 'buikpijn', 'buikgriep', 'diaree', 'water', 'overgeven', 'last', 'remmer', 'overgegeven', 'pijn']","['En heb nog diarree.', 'Af en toe heb ik ook wat diarree.', 'Ik ga nu de elfde dag met onverminderde diarree in; ik ben nu ca.']",89,"['diarrhea', 'abdominal_pain', 'stomach_flu', 'diarrhoea_spelling_alt', 'water', 'vomiting', 'trouble', 'anti_diarrheal', 'vomited', 'pain']",Medical
120,182,120_ophalen_halen_voorraad_afhalen,"['ophalen', 'halen', 'voorraad', 'afhalen', 'inleveren', 'balie', 'levering', 'morgen', 'brengen', 'meteen']","['Ik ga het donderdag ophalen.', 'Of moet ik het ergens ophalen?', 'Kan ik ze ook nu ophalen?']",90,"['pick_up', 'collect', 'supply', 'collect_from', 'submit', 'counter', 'delivery', 'tomorrow', 'bring', 'immediately']",Medical
139,182,139_last_winden_soms_overdag,"['last', 'winden', 'soms', 'overdag', 'vervelend', 'best', 'hinder', 'heftig', 'weekend', 'sochtends']","['Door de dag heb ik hier geen last van.', 'De eerste dagen heb ik nergens last van gehad.', 'Heb er (vooralsnog) geen last van.']",91,"['discomfort', 'gas', 'sometimes', 'during_day', 'annoying', 'quite', 'bothersome', 'intense', 'weekend', 'morning']",Medical
62,181,62_vitamine_vitamines_doorsturen_spuit,"['vitamine', 'vitamines', 'doorsturen', 'spuit', 'vit', 'calcium', 'vitaminen', 'injecties', 'injectie', 'recept']","['De vitamine B12 die ook geprikt was, was 220.', 'Ook zou ik graag nog nieuwe herhalingsrecepten willen hebben voor mijn vitamine B12.', 'vitamine B12 in (25 ug).']",92,"['vitamin', 'vitamins', 'forward', 'injection', 'vit', 'calcium', 'vitamin_supplements', 'injections', 'injection_single', 'prescription']",Medical
81,176,81_slijm_bloed_aambeien_soms,"['slijm', 'bloed', 'aambeien', 'soms', 'dun', 'normaal', 'vocht', 'slijmbeursontsteking', 'bloedverlies', 'komt']","['Verder geen bloed of slijm.', 'Maar wel nog veel bloed en slijm.', 'Maar geen bloed of slijm.']",93,"['mucus', 'blood', 'hemorrhoids', 'sometimes', 'thin', 'normal', 'fluid', 'bursitis', 'blood_loss', 'appears']",Medical
109,173,109_injectie_injecties_infusen_hyrimoz,"['injectie', 'injecties', 'infusen', 'hyrimoz', 'gezet', 'mtx', 'injecteren', 'zetten', 'volgende', 'spuit']","[' , Ik heb inmiddels een afspraak voor de injectie as vrijdag.', 'Zal ik het dan over 2 weken doen voor de injectie.', 'Heb 18 april de 2e injectie gehad.']",94,"['injection', 'injections', 'infusions', 'hyrimoz', 'administered', 'mtx', 'injecting', 'give_injection', 'next', 'shot']",Medical
59,171,59_klysmas_klysma_gebruikt_klismas,"['klysmas', 'klysma', 'gebruikt', 'klismas', 'gebruiken', 'salofalk', 'budenofalk', 'proberen', 'bestellen', 'begonnen']","['Zou ik nog een recept kunnen krijgen voor de klysmas ?', 'Moet ik dan nog klysmas gebruiken ?', 'Ik heb nu geen klysmas meer.']",95,"['enemas', 'enema', 'used', 'enemas_alt', 'use', 'salofalk', 'budenofalk', 'try', 'order', 'started']",Medical
136,171,136_jeukt_rood_plek_bultjes,"['jeukt', 'rood', 'plek', 'bultjes', 'rode', 'pijnlijk', 'gezwollen', 'voelt', 'jeuk', 'dik']","['De rode vlek op mijn been is helaas nog steeds erg groot en rood maar wel minder dik.', 'Waar ik spuit wordt het nu rood, warm, dik, gezwollen (laatste keer 10-10cm rondom injectieplaats) en jeukt het.', 'De rode plek rondom de spuit is nu circa 15 cm (ovale vorm), is iets gezwollen en jeukt.']",96,"['itchy', 'red', 'spot', 'bumps', 'redness', 'painful', 'swollen', 'feels', 'itch', 'thick']",Medical
77,169,77_lab_biologicals_chemie_labformulieren,"['lab', 'biologicals', 'chemie', 'labformulieren', 'klinische', 'labbriefjes', 'labformulier', 'bureau', 'potje', 'labuitslagen']","['Overige lab uitslagen ook goed?', 'Hallo  / ,  Hoe was mijn lab van afgelopen dinsdag?', 'Wel een lab 4 en lab 1 formulier.']",97,"['lab', 'biologics', 'chemistry', 'lab_forms', 'clinical', 'lab_slips', 'lab_form', 'desk', 'stool_pot', 'lab_results']",Medical
94,169,94_verwijzing_doorgestuurd_komen_neer,"['verwijzing', 'doorgestuurd', 'komen', 'neer', 'verhuisd', 'terecht', 'service', 'geb', 'schiphorst', 'ritje']","['Worden de resultaten dan doorgestuurd naar  ?', 'Dit zou naar   doorgestuurd worden.', 'Dit mag doorgestuurd worden naar de   in  .']",98,"['referral', 'forwarded', 'arrive', 'down', 'moved', 'ended_up', 'service', 'gb', 'schiphorst', 'trip']",Non-Medical
85,168,85_slaap_slapen_wakker_bed,"['slaap', 'slapen', 'wakker', 'bed', 'geslapen', 'nachten', 'nacht', 'nachtrust', 'vannacht', 'snachts']","['Vooral slapen is een ramp.', 'Hier kon ik niet van slapen.', 'Slaap heel veel.']",99,"['sleep', 'sleeping', 'awake', 'bed', 'slept', 'nights', 'night', 'sleep_quality', 'last_night', 'at_night']",Medical
68,165,68_ijzer_ijzerinfuus_ijzergehalte_ijzertekort,"['ijzer', 'ijzerinfuus', 'ijzergehalte', 'ijzertekort', 'laag', 'ijzertabletten', 'tekort', 'infuus', 'gehalte', 'magnesium']","['Als het ijzer te laag wordt, heeft   me de vorige keer een ijzer infuus voorgeschreven.', 'Ik heb vorige week mijn ijzer infuus gehad.', 'Hallo,   Op 6 augustus heb ik mijn ijzer infuus gehad.']",100,"['iron', 'iron_infusion', 'iron_level', 'iron_deficiency', 'low', 'iron_tablets', 'deficiency', 'infusion', 'level', 'magnesium']",Medical
96,162,96_krampen_buikkrampen_buikklachten_kramp,"['krampen', 'buikkrampen', 'buikklachten', 'kramp', 'flinke', 'last', 'lucht', 'voeten', 'soms', 'gepaard']","['En heb je misschien iets tegen de krampen.', 'Een beetje minder krampen.', 'Is er iets wat ik kan nemen zodat krampen minder zijn?']",101,"['cramps', 'abdominal_cramps', 'abdominal_complaints', 'cramp', 'severe', 'discomfort', 'gas', 'feet', 'sometimes', 'accompanied']",Medical
89,161,89_snelle_reactie_bedankt_dank,"['snelle', 'reactie', 'bedankt', 'dank', 'antwoord', 'dankjewel', 'hulp', 'reageren', 'snel', 'nogmaals']","['bedankt voor de snelle reactie', 'Bedankt voor de snelle reactie iris!', 'Bedankt voor uw snelle reactie.']",102,"['quick', 'response', 'thank_you', 'thanks', 'answer', 'thanks_again', 'help', 'responding', 'fast', 'again']",Non-Medical
141,161,141_nakijken_mening_denken_voorstel,"['nakijken', 'mening', 'denken', 'voorstel', 'hierover', 'achteraan', 'hoop', 'akkoord', 'visie', 'begrijpt']","['Graag jullie mening hierover.', 'Ik hoor graag wat uw mening hierover.', 'Graag hoor ik uw mening hierover.']",103,"['check', 'opinion', 'think', 'proposal', 'about_this', 'follow_up', 'hope', 'agree', 'view', 'understand']",Medical
133,158,133_controle_jaarlijkse_controles_afspraak,"['controle', 'jaarlijkse', 'controles', 'afspraak', 'controleafspraak', 'controlestrook', 'jaar', 'regelen', 'inplannen', 'komen']","['Of moet ik zelf een afspraak maken voor controle in december?', 'Op 20 januari heb ik weer een controle afspraak bij  .', 'Op   heb ik een controle afspraak bij  .']",104,"['control', 'annual', 'checkups', 'appointment', 'follow_up_appointment', 'control_strip', 'year', 'arrange', 'schedule', 'come_in']",Medical
106,157,106_huid_gezicht_jeuk_droge,"['huid', 'gezicht', 'jeuk', 'droge', 'rode', 'vlekken', 'huiduitslag', 'acne', 'haaruitval', 'hoofdhuid']","['Hallo   en  ,  Momenteel heb ik weer last van mijn huid.', 'Verder heb ik een ontzettend droge huid gekregen vooral mijn gezicht en hals.', 'Daarnaast merk ik op dat ik op mijn huid wat uitslag heb en sinds kort rode vlekken in mijn gezicht begin te krijgen.']",105,"['skin', 'face', 'itch', 'dry', 'red', 'spots', 'rash', 'acne', 'hair_loss', 'scalp']",Medical
132,156,132_misselijk_misselijkheid_overgeven_eetlust,"['misselijk', 'misselijkheid', 'overgeven', 'eetlust', 'braken', 'gevoel', 'eten', 'maag', 'opgeblazen', 'vermoeid']","['Ik heb daar vannacht van moeten overgeven omdat ik er zo misselijk van was.', 'En ik ben ook misselijk', 'Ook ben ik nog erg misselijk en moet ik 1x pd overgeven.']",106,"['nauseous', 'nausea', 'vomiting', 'appetite', 'throwing_up', 'feeling', 'eating', 'stomach', 'bloated', 'tired']",Medical
86,156,86_kilo_gewicht_afgevallen_weeg,"['kilo', 'gewicht', 'afgevallen', 'weeg', 'gewichtsverlies', 'afvallen', 'sporten', 'conditie', 'woog', 'vallen']","['Zo ben ik na ongeveer een jaar tien kilo afgevallen.', 'Ben nu al een paar kilo afgevallen.', 'Toen ben ik ook 3 kilo afgevallen.']",107,"['kilo', 'weight', 'lost_weight', 'weigh', 'weight_loss', 'losing_weight', 'exercise', 'condition', 'weighed', 'drop']",Medical
152,153,152_duidelijkheid_informatie_vertellen_geven,"['duidelijkheid', 'informatie', 'vertellen', 'geven', 'nagedacht', 'antwoord', 'weten', 'hoop', 'info', 'daarover']","['Ik hoop dat dit meer duidelijkheid zal verschaffen.', 'Kunt u mij misschien meer duidelijkheid geven?', 'Zou graag duidelijkheid willen krijgen.']",108,"['clarity', 'information', 'tell', 'give', 'thought_about', 'answer', 'know', 'hope', 'info', 'about_it']",Medical
107,152,107_bericht_bedankt_berichtje_dankjewel,"['bericht', 'bedankt', 'berichtje', 'dankjewel', 'dank', 'terugkoppeling', 'mail', 'mededeling', 'okay', 'doorsturen']","['bedankt voor het bericht.', 'Bedankt voor het bericht.', 'Bedankt voor het attente bericht.']",109,"['message', 'thank_you', 'message_small', 'thanks_again', 'thanks', 'feedback', 'email', 'notification', 'okay', 'forward']",Non-Medical
75,150,75_coloscopie_colonscopie_colonoscopie_gastroscopie,"['coloscopie', 'colonscopie', 'colonoscopie', 'gastroscopie', 'gepland', 'ondergaan', 'beelden', 'staat', 'biopten', 'sigmoidoscopie']","['Beste,  Vrijdag 22-4 a.s. heb ik een afspraak voor een coloscopie.', 'Ik heb de afspraak met   dat zij of   de coloscopie doet.', 'Ik heb 7 mei een coloscopie gehad.']",110,"['colonoscopy', 'colonoscopy_alt', 'colonoscopie', 'gastroscopy', 'scheduled', 'undergo', 'images', 'listed', 'biopsies', 'sigmoidoscopy']",Medical
79,148,79_dermatoloog_dermatologie_doorverwijzing_verwijzing,"['dermatoloog', 'dermatologie', 'doorverwijzing', 'verwijzing', 'verwijsbrief', 'doorverwezen', 'wondjes', 'ivm', 'haaruitval', 'vervolgafspraak']","['Morgen ga ik wederom naar mijn dermatoloog!', 'Of naar de dermatoloog.', 'Ik moest toch naar dermatoloog.']",111,"['dermatologist', 'dermatology', 'referral', 'referral_letter', 'referral_form', 'referred', 'wounds', 'regarding', 'hair_loss', 'follow_up_appointment']",Medical
84,143,84_zetpillen_pillen_gebruik_gebruiken,"['zetpillen', 'pillen', 'gebruik', 'gebruiken', 'herhaalrecept', 'gestopt', 'anticonceptiepil', 'voorgeschreven', 'red', 'doosje']","['Zelfde dan de zetpillen.', 'Mijn zetpillen zijn bijna op.', 'Daarna weer zetpillen ?']",112,"['suppositories', 'pills', 'use', 'use_alt', 'repeat_prescription', 'stopped', 'birth_control_pill', 'prescribed', 'just', 'box']",Medical
83,139,83_thiosix_herhaalrecept_nieuw_recept,"['thiosix', 'herhaalrecept', 'nieuw', 'recept', 'calcium', 'uitschrijven', 'apotheek', 'tabletten', 'aub', 'kauwtabletten']","['Is het mogelijk nog een recept te krijgen voor de thiosix?', 'Hoi   &  ,  Mijn Thiosix 10 mg is bijna op.', ' ,  Mijn medicatie van Thiosix is bijna op.']",113,"['thiosix', 'repeat_prescription', 'new', 'prescription', 'calcium', 'write_out', 'pharmacy', 'tablets', 'please', 'chewable_tablets']",Medical
95,138,95_mdl_arts_mdlarts_verpleegkundige,"['mdl', 'arts', 'mdlarts', 'verpleegkundige', 'ibd', 'doorverwezen', 'huisarts', 'artsen', 'afspraak', 'patinten']","['Mijn vraag is nu wanneer ik een volgende afspraak met MDL heb of ga krijgen.', 'Hallo,  Ik ben helaas niet gebeld door mn MDL arts volgens afspraak.', 'dit moet 14 dagen voor afspraak MDL arts.']",114,"['gastroenterology', 'doctor', 'gastroenterologist', 'nurse', 'ibd', 'referred', 'general_practitioner', 'doctors', 'appointment', 'patients']",Medical
98,135,98_vragenlijst_ingevuld_invullen_vragenlijsten,"['vragenlijst', 'ingevuld', 'invullen', 'vragenlijsten', 'vullen', 'vragen', 'antwoorden', 'lijst', 'doorgekomen', 'maandelijks']","['Volgens mij heb ik deze vragenlijst al ingevuld🤔', 'Vragenlijst ingevuld.', 'Ja, ik heb een vragenlijst ingevuld.']",115,"['questionnaire', 'filled_in', 'fill_in', 'questionnaires', 'fill', 'questions', 'answers', 'list', 'received', 'monthly']",Medical
135,133,135_toilet_slijm_ontlasting_papier,"['toilet', 'slijm', 'ontlasting', 'papier', 'keer', 'erbij', 'bloed', 'soms', 'waarvan', 'dunne']","['Maar verder heb ik geen last van mijn darmen en hoef ik maar 2 tot 3 keer per dag naar het toilet met vaste of breierige ontlasting.', 'Ik ga 1 of twee keer per dag naar toilet en de ontlasting is dan normaal.', 'Ook ga ik vaker snel naar het toilet met dunne ontlasting.']",116,"['toilet', 'mucus', 'stool', 'paper', 'times', 'along_with', 'blood', 'sometimes', 'of_which', 'loose']",Medical
125,133,125_psylliumvezels_metamucil_vezels_suikervrij,"['psylliumvezels', 'metamucil', 'vezels', 'suikervrij', 'teva', 'orange', 'volcolon', 'foliumzuur', 'recept', 'magnesiumhydroxide']","['Voor de psylliumvezels (suikervrij Teva) zou ik graag een nieuw recept ontvangen.', 'Ik gebruik nu Psylliumvezels, dus geen Metamucil.', 'Voor de Psylliumvezels   Orange Suikervrij, 90 stuks granulaat, heeft ze Metamucil uitgeschreven en dat terwijl ik altijd de Psylliumvezels krijg omdat ik die Metamucil niet verdraag.']",117,"['psyllium_fibers', 'metamucil', 'fibers', 'sugar_free', 'teva', 'orange', 'volcolon', 'folic_acid', 'prescription', 'magnesium_hydroxide']",Medical
134,131,134_zalf_crme_creme_diltiazem,"['zalf', 'crme', 'creme', 'diltiazem', 'druppels', 'gekregen', 'helpt', 'kruiden', 'ontstekingsremmende', 'gesmeerd']","['De zalf had ik via de huisarts gekregen inderdaad.', 'Zalf: 1x per dag triamcinolonacet en 2x per dag zinkoxidesmeersel.', 'inmiddels heb ik er een week of vijf zalf opgesmeerd en is het bijna weg.']",118,"['ointment', 'cream_abbrev', 'cream', 'diltiazem', 'drops', 'received', 'helps', 'herbal', 'anti_inflammatory', 'applied']",Medical
105,128,105_verzekering_zorgverzekering_risico_vergoed,"['verzekering', 'zorgverzekering', 'risico', 'vergoed', 'aanvraag', 'levensverzekering', 'uwv', 'gegevens', 'medische', 'zorgverzekeraar']","['Helaas heeft de verzekering nog geen gegevens mogen ontvangen.', '- Er is een aanvraag gedaan vanuit de verzekeraar Allianz voor een overlijdensrisico verzekering, hiervoor is informatie opgevraagd bij het ziekenhuis maar hier is geen reactie op gekomen.', 'Ik heb een aanvraag gedaan voor overlijdensrisico verzekering.']",119,"['insurance', 'health_insurance', 'risk', 'covered', 'application', 'life_insurance', 'social_security', 'details', 'medical', 'insurer']",Non-Medical
116,127,116_prikken_prik_laten_handiger,"['prikken', 'prik', 'laten', 'handiger', 'antistoffen', 'geprikt', 'schildklier', 'prikdag', 'prikbriefje', 'prikpen']","['Ik moet in augustus weer prikken.', 'heb deze de 15e ook alten prikken', 'Over twee weken ga ik dan prikken.']",120,"['blood_draw', 'blood_test', 'let', 'more_convenient', 'antibodies', 'drawn', 'thyroid', 'blood_test_day', 'blood_form', 'pen_needle']",Medical
151,127,151_corona_virus_positief_getest,"['corona', 'virus', 'positief', 'getest', 'vaccinatie', 'besmetting', 'vaccin', 'besmet', 'negatief', 'vraag']","['Hallo,  ik ben afgelopen vrijdag positief getest op het corona virus.', 'Hallo,  Sinds afgelopen vrijdag ben ik positief getest op het corona virus.', 'het Corona virus.']",121,"['corona', 'virus', 'positive', 'tested', 'vaccination', 'infection', 'vaccine', 'infected', 'negative', 'question']",Medical
99,126,99_sessie_inloggen_sessies_melding,"['sessie', 'inloggen', 'sessies', 'melding', 'account', 'staat', 'wachtwoord', 'ingevuld', 'ingelogd', 'foutmelding']","['Ook dat ik steeds een mail krijg dat er een sessie voor mij klaar staat en als ik inlog dan staat er geen sessie voor mij klaar.', 'Er staat nog steeds een nieuwe sessie klaar.', 'deze sessie is reeds geweest.']",122,"['session', 'log_in', 'sessions', 'notification', 'account', 'status', 'password', 'filled_in', 'logged_in', 'error_message']",Non-Medical
110,125,110_anus_aambeien_vagina_fistel,"['anus', 'aambeien', 'vagina', 'fistel', 'gevoel', 'pijn', 'jeuk', 'branderig', 'endeldarm', 'linkerbil']","['De jeuk in de anus is niet weg.', 'Dit zou ik namelijk wel willen gezien ook de pijn aan de anus.', 'Beste,  ik heb een vraag m.b.t. mijn anus.']",123,"['anus', 'hemorrhoids', 'vagina', 'fistula', 'feeling', 'pain', 'itch', 'burning', 'rectum', 'left_buttock']",Medical
115,122,115_longen_cardioloog_hart_longarts,"['longen', 'cardioloog', 'hart', 'longarts', 'longfoto', 'hartslag', 'longontsteking', 'hartkloppingen', 'cardiologie', 'ecg']","['Ze wilden even voor de zekerheid hart en longen nakijken zeiden ze aan de telefoon.', 'Mijn longen zien er volgens de longarts goed uit en ook de huisarts kan niet echt iets verkeerds horen.', 'Gb  Cardioloog: mogelijk uw longen.']",124,"['lungs', 'cardiologist', 'heart', 'lung_specialist', 'chest_xray', 'heart_rate', 'pneumonia', 'palpitations', 'cardiology', 'ecg']",Medical
118,121,118_zorgen_bang_ongerust_begin,"['zorgen', 'bang', 'ongerust', 'begin', 'risico', 'geschrokken', 'hierdoor', 'angstig', 'fistels', 'letten']","['Ik vroeg me af of dat iets is waar ik me zorgen om moet maken en of ik er iets tegen kan doen.', 'Moet ik mij zorgen maken.', 'En maak me toch wel wat zorgen.']",125,"['concerns', 'afraid', 'worried', 'beginning', 'risk', 'shocked', 'because_of_this', 'anxious', 'fistulas', 'pay_attention']",Medical
104,119,104_urine_blaas_nieren_nier,"['urine', 'blaas', 'nieren', 'nier', 'blaasontsteking', 'kweek', 'urinekweek', 'urineweginfectie', 'nierfunctie', 'galstenen']","['Ik heb afgelopen maandag bloed en urine ingeleverd.', 'Wanneer ik de uitslag van de urine heb zal ik nog iets laten weten  ', '28 september bij huisarts geweest, bloed in urine.']",126,"['urine', 'bladder', 'kidneys', 'kidney', 'uti', 'culture', 'urine_culture', 'urinary_infection', 'kidney_function', 'gallstones']",Medical
92,114,92_cortiment_stoppen_slik_verbetering,"['cortiment', 'stoppen', 'slik', 'verbetering', 'afbouwen', 'slikken', 'starten', 'onderste', 'tabletten', 'bezig']","['Zal ik dat ook krijgen met Cortiment?', 'Niet de Cortiment ?', 'Dus nu inmiddels 4 weken Cortiment.']",127,"['cortiment', 'stop', 'take', 'improvement', 'taper', 'taking', 'start', 'lower', 'tablets', 'busy']",Medical
143,114,143_excuses_sorry_late_vele,"['excuses', 'sorry', 'late', 'vele', 'jammer', 'excuus', 'geduld', 'ongemak', 'vergissing', 'verhinderd']","['Alvast dank en excuses voor vandaag !', 'Mijn excuses dat ik het niet eerder heb laten weten.', 'Excuses ...en bedankt.']",128,"['excuses', 'sorry', 'late', 'many', 'shame', 'apology', 'patience', 'inconvenience', 'mistake', 'prevented']",Non-Medical
114,112,114_hoofdpijn_duizelig_duizeligheid_hoofd,"['hoofdpijn', 'duizelig', 'duizeligheid', 'hoofd', 'migraine', 'licht', 'symptomen', 'hartkloppingen', 'last', 'gevoel']","['Op dit moment merk ik door hoofdpijn en duizeligheid.', 'Ook last van hoofdpijn.', 'Vandaag is het vrijdag ben nog steeds een beetje duizelig en hoofdpijn is nog latent aanwezig.']",129,"['headache', 'dizzy', 'dizziness', 'head', 'migraine', 'light', 'symptoms', 'palpitations', 'discomfort', 'feeling']",Medical
130,111,130_gehoord_vernomen_heden_helaas,"['gehoord', 'vernomen', 'heden', 'helaas', 'hierover', 'bevestiging', 'bericht', 'gekregen', 'hierop', 'horen']","['Ik heb hier echter nog niets over gehoord.', 'Heb hier verder nog niks van gehoord.', 'Inmiddels is het 27 juni en ik heb nog steeds niets gehoord.']",130,"['heard', 'learned', 'today', 'unfortunately', 'about_this', 'confirmation', 'message', 'received', 'regarding_this', 'hear']",Non-Medical
153,107,153_bekend_uitgekomen_dingen_onbekend,"['bekend', 'uitgekomen', 'dingen', 'onbekend', 'nieuwsgierig', 'wijsheid', 'gegevens', 'weet', 'duidelijk', 'hierover']","['Is hier inmiddels al iets van bekend ?', 'Is deze al bij jullie bekend.', 'Is er al meer bekend?']",131,"['known', 'found', 'things', 'unknown', 'curious', 'wisdom', 'details', 'know', 'clear', 'about_this']",Non-Medical
129,107,129_app_telefoon_downloaden_ondersteund,"['app', 'telefoon', 'downloaden', 'ondersteund', 'gsm', 'telefoons', 'iphone', 'geprobeerd', 'code', 'mobiele']","['Kan dat in deze app?', 'grtheb geen app op mijntelefoon  ', ""Ik heb zo'n app (nog) niet.....?""]",132,"['app', 'phone', 'download', 'supported', 'mobile', 'phones', 'iphone', 'tried', 'code', 'mobile_device']",Non-Medical
112,107,112_scopie_gepland_plaatsvinden_echo,"['scopie', 'gepland', 'plaatsvinden', 'echo', 'staat', 'sedatie', 'narcose', 'echoscopie', 'poliafspraak', 'verslagen']","['ls,as donderdag 14 januari om 15.45 is de scopie gepland.', 'Goedemorgen,  Vrijdag 9 juli heb ik om 8.30 uur een scopie.', '   (Zelf heb ik 11 augustus weer een scopie)']",133,"['scopy', 'scheduled', 'take_place', 'ultrasound', 'listed', 'sedation', 'anesthesia', 'ultrasound_exam', 'clinic_appointment', 'reports']",Medical
131,106,131_azathioprine_daags_tablet_compres,"['azathioprine', 'daags', 'tablet', 'compres', 'klinion', 'pillen', 'bestellen', 'calci', 'sulfasalazine', 'chew']","['Het betreft Azathioprine 50 mg, 2dd.', 'Ook bij gebruik van azathioprine?', 'Hoi,  De azathioprine is op.']",134,"['azathioprine', 'per_day', 'tablet', 'compress', 'klinion', 'pills', 'order', 'calci', 'sulfasalazine', 'chew']",Medical
102,104,102_spiegel_dalspiegel_medicijnspiegel_spiegels,"['spiegel', 'dalspiegel', 'medicijnspiegel', 'spiegels', 'bekend', 'prikken', 'medicatiespiegel', 'laten', 'uitslag', 'antistoffen']","['17 augustus moet ik alleen de spiegel prikken.', 'Het prikken van de spiegel is al zeker 4 weken geleden.', 'En wb de spiegel, is dat erg?']",135,"['trough_level', 'drug_trough', 'medication_level', 'levels', 'known', 'draw_blood', 'drug_level', 'let', 'result', 'antibodies']",Medical
149,102,149_reactie_antwoord_bedankt_dank,"['reactie', 'antwoord', 'bedankt', 'dank', 'hoi', 'dankjewel', 'hallo', 'groet', 'hartelijk', 'alvast']","['Hoi  , Bedankt voor de reactie!', 'Hoi  , Bedankt voor je reactie.', 'Hoi  ,  bedankt voor je reactie.']",136,"['response', 'answer', 'thank_you', 'thanks', 'hi', 'thanks_again', 'hello', 'regards', 'kindly', 'already']",Non-Medical
140,100,140_stress_druk_periode_rol,"['stress', 'druk', 'periode', 'rol', 'stressvolle', 'speelt', 'brengt', 'werk', 'onderdruk', 'psycholoog']","['Hallo  ,  Ja ik weet ook dat het nu door de stress komt.', 'Ik heb de laatste tijd veel stress gehad en nog steeds wel.', 'Ik ga er nog steeds vanuit dat het door de stress komt.']",137,"['stress', 'pressure', 'period', 'role', 'stressful', 'plays', 'brings', 'work', 'under_pressure', 'psychologist']",Medical
93,100,93_ogen_oogarts_oog_oogontsteking,"['ogen', 'oogarts', 'oog', 'oogontsteking', 'ontstoken', 'opticien', 'rood', 'zicht', 'droge', 'last']","['Beste,  Ik ben 30 juli bij   geweest voor ontstoken ogen.', 'Ik heb ook de ogen ontstoken.', 'Met mijn ogen gaat het prima, geen last meer gehad.']",138,"['eyes', 'ophthalmologist', 'eye', 'eye_inflammation', 'inflamed', 'optician', 'red', 'vision', 'dry', 'complaint']",Medical
113,98,113_colitis_ulcerosa_collitis_colitus,"['colitis', 'ulcerosa', 'collitis', 'colitus', 'symptomen', 'klachten', 'vermoeden', 'opgetreden', 'jaar', 'momenteel']","['En hoe dat gaat met mijn colitis.', 'Maar ik heb Colitis.', 'colitis ulcerosa).']",139,"['colitis', 'ulcerosa', 'colitis_misspelled1', 'colitis_misspelled2', 'symptoms', 'complaints', 'suspect', 'occurred', 'year', 'currently']",Medical
100,98,100_quanton_cal_quantoncal_test,"['quanton', 'cal', 'quantoncal', 'test', 'app', 'zelftest', 'gedaan', 'telefoon', 'testen', 'downloaden']","['Beste  ,  Zou je mij 2  QuantOn Cal test willen sturen.', 'Ook had ik graag een nieuwe QuantOn Cal test gehad.', 'Ik heb ook nog één quanton cal test.']",140,"['quanton', 'cal', 'quantoncal', 'test', 'app', 'self_test', 'done', 'phone', 'testing', 'download']",Medical
145,97,145_adres_mailadres_oude_gewijzigd,"['adres', 'mailadres', 'oude', 'gewijzigd', 'verhuisd', 'wijzigen', 'verhuizing', 'veranderd', 'email', 'veranderen']","['Ik ga mijn nieuw adres betrekken op   het adres is vogelzang2  ', 'Adres is  /A1,  .', 'Mijn adres is:  -2   .']",141,"['address', 'email_address', 'old', 'changed', 'moved', 'change', 'moving', 'modified', 'email', 'alter']",Non-Medical
154,96,154_foto_fotos_bestand_toegevoegd,"['foto', 'fotos', 'bestand', 'toegevoegd', 'groot', 'beeld', 'bijgevoegd', 'stuur', 'pdf', 'bijlage']","['Ik zal een foto sturen.', 'Ik kan nergens een foto invoegen.', 'Bij deze de foto.']",142,"['photo', 'photos', 'file', 'attached', 'large', 'image', 'attached_alt', 'send', 'pdf', 'attachment']",Non-Medical
117,88,117_vedolizumab_vedoluzimab_infuus_geplend,"['vedolizumab', 'vedoluzimab', 'infuus', 'geplend', 'systeem', 'vedo', 'staat', 'naast', 'entyvio', 'spiegel']","['Om de 8 weken krijg ik via een infuus de Vedolizumab en wel op 22 maart en op 17 mei.', 'woensdag heb ik weer een infuus vedolizumab.', ' , Afgelopen dinsdag heb ik een infuus gehad van Vedolizumab.']",143,"['vedolizumab', 'vedoluzimab', 'infusion', 'planned', 'system', 'vedo', 'listed', 'next_to', 'entyvio', 'trough_level']",Medical
147,88,147_mis_gegaan_fout_gebeuren,"['mis', 'gegaan', 'fout', 'gebeuren', 'misgegaan', 'hand', 'orde', 'nakijken', 'gaat', 'verkeerde']","['Misschien is daar iets mis gegaan.', 'Kan het zijn dat hier iets is mis gegaan??', 'Is er ergens iets mis gegaan?']",144,"['gone', 'wrong', 'error', 'happen', 'went_wrong', 'hand', 'order', 'check', 'goes', 'incorrect']",Non-Medical
148,86,148_horen_fijn_nieuws_goed,"['horen', 'fijn', 'nieuws', 'goed', 'expertise', 'toezending', 'journaal', 'gelinkt', 'super', 'fantastisch']","['Dat is fijn om te horen.', 'Ah fijn om te horen!!', 'Dat is heel fijn te horen.']",145,"['hear', 'nice', 'news', 'good', 'expertise', 'sending', 'journal', 'linked', 'great', 'fantastic']",Non-Medical
138,86,138_remicade_remsima_infuus_komende,"['remicade', 'remsima', 'infuus', 'komende', 'krijg', 'volgende', 'mss', 'inflectra', 'kuurtje', 'bloedbriefjes']","['Goedemiddag, ik heb vandaag weer een infuus Remsima gehad.', 'Hor kan ik omstekimgem in mijn nrnrm hebben als ik remsima krijg', 'Dinsdag 20-12 weer infuus gehad met Remsima.']",146,"['remicade', 'remsima', 'infusion', 'coming', 'receive', 'next', 'maybe', 'inflectra', 'little_course', 'blood_slips']",Medical
137,86,137_drinken_drink_liter_gedronken,"['drinken', 'drink', 'liter', 'gedronken', 'alcohol', 'water', 'nutridrink', 'thee', 'vocht', 'vloeistof']","['Ik heb volgende week zondag ( 23 december ) een scan en moet dan weer een liter vloeistof drinken.', 'Ik drink iets meer, maar zeker geen liter meer.', '- Drinken: ik denk te weinig, een liter maar echt niet meer dan 1,5 liter.']",147,"['drink', 'drinking', 'liter', 'drank', 'alcohol', 'water', 'nutridrink', 'tea', 'fluid', 'liquid']",Medical
144,84,144_mvg_swinkels_kollar_alvast,"['mvg', 'swinkels', 'kollar', 'alvast', 'hoor', 'pijltjes', 'boumans', 'onderkant', 'siao', 'kim']","['Mvg      ', 'Mvg,   ( )', 'Mvg    ']",148,"['mvg', 'swinkels', 'kollar', 'already', 'hear', 'arrows', 'boumans', 'bottom', 'siao', 'kim']",Non-Medical
111,81,111_calpro_thuistest_waarde_calprosmart,"['calpro', 'thuistest', 'waarde', 'calprosmart', 'test', 'calprotest', 'gedaan', 'uitslag', 'hoger', 'meten']","['Ik wil graag weten wat de calpro is.', 'Wanneer moet ik de calpro.... test doen?', 'Hoi   en/of  ,  Is de uitslag van de calpro van 08 september al binnen?']",149,"['calpro', 'home_test', 'value', 'calprosmart', 'test', 'calprotest', 'done', 'result', 'higher', 'measure']",Medical
126,79,126_stoma_stomaverpleegkundige_verwijderd_operatie,"['stoma', 'stomaverpleegkundige', 'verwijderd', 'operatie', 'puntjes', 'darm', 'tijdelijk', 'dikke', 'opinion', 'second']","['Het gaat niet zo goed want de pijn aan mijn stoma is niet uit te houden.', 'Hoi  , Ik heb vooral heel veel last van het stoma.', 'Ik heb inmiddels al 1,5 jaar een stoma.']",150,"['stoma', 'stoma_nurse', 'removed', 'surgery', 'sutures', 'bowel', 'temporary', 'colon', 'opinion', 'second_opinion']",Medical
123,77,123_reumatoloog_reumatologie_artrose_fibromyalgie,"['reumatoloog', 'reumatologie', 'artrose', 'fibromyalgie', 'hematoloog', 'verwijzing', 'reumaverpleegkundige', 'consult', 'reuma', 'afspraak']","['Helaas kan de Reumatoloog niks voor me doen.', ' , Vandaag 18 juli afspraak bij reumatoloog.', '25 juni heb ik een afspraak bij de reumatoloog.']",151,"['rheumatologist', 'rheumatology', 'osteoarthritis', 'fibromyalgia', 'hematologist', 'referral', 'rheuma_nurse', 'consult', 'rheumatism', 'appointment']",Medical
127,75,127_infliximab_infuus_subcutaan_infliximap,"['infliximab', 'infuus', 'subcutaan', 'infliximap', 'dalspiegel', 'aankomende', 'volgende', 'gebruik', 'ofwel', 'krijg']","['Morgen is mijn 3e infliximab infuus', 'Gaat dit samen met mijn infliximab?', 'Ik krijg mijn infliximab infuus In het   in  .']",152,"['infliximab', 'infusion', 'subcutaneous', 'infliximap', 'trough_level', 'upcoming', 'next', 'use', 'either', 'receive']",Medical
122,74,122_ustekinumab_ustekinimab_the_injection,"['ustekinumab', 'ustekinimab', 'the', 'injection', 'spiegel', 'and', 'injectie', 'blood', 'already', 'spuit']","['Ik krijg donderdag 08 juli mijn 2e spuit Ustekinumab.', 'Ik ben geprikt op ustekinumab op 28 januari.', 'gebruik van Ustekinumab.']",153,"['ustekinumab', 'ustekinimab', 'the', 'injection', 'trough_level', 'and', 'injection_alt', 'blood', 'already', 'shot']",Medical
146,72,146_budenofalk_budesonide_stoppen_salofalk,"['budenofalk', 'budesonide', 'stoppen', 'salofalk', 'bijsluiter', 'bijwerking', 'gebruik', 'gestopt', 'thiosix', 'netjes']","['Hallo  ,  Wanneer mag ik stoppen met de Budenofalk?', 'De medicatie Budenofalk (budesonide 3 mg) is op.', 'Ik gebruik sinds afgelopen donderdag Budenofalk   en Budesonide.']",154,"['budenofalk', 'budesonide', 'stop', 'salofalk', 'leaflet', 'side_effect', 'use', 'stopped', 'thiosix', 'properly']",Medical
142,70,142_picoprep_moviprep_voorbereiding_instructies,"['picoprep', 'moviprep', 'voorbereiding', 'instructies', 'opgehaald', 'drinken', 'zakjes', 'recept', 'tabletjes', 'beginnen']","['Ik was bij de apotheek maar jullie hadden me geen picoprep voorgeschreven maar een andere.', 'Krijg ik weer picoprep?', 'Ik heb nog een vraag over de picoprep.']",155,"['picoprep', 'moviprep', 'preparation', 'instructions', 'picked_up', 'drink', 'sachets', 'prescription', 'small_tablets', 'start']",Medical
155,69,155_beclometason_zetpillen_beclametason_beclomethason,"['beclometason', 'zetpillen', 'beclametason', 'beclomethason', 'beclamethason', 'remeron', 'mezavant', 'gestart', 'gebruik', 'duspetal']","['Beclometason/mezalazine .', 'Goedemorgen, De Beclometason 3 mg. zetpillen die ik gebruik zijn op.', 'Hallo,  Ik heb sinds vorige week maandag beclometason zetpillen.']",156,"['beclometasone', 'suppositories', 'beclametason', 'beclomethason', 'beclamethason', 'remeron', 'mezavant', 'started', 'use', 'duspetal']",Medical
156,66,156_opvlamming_warmte_broeien_angst,"['opvlamming', 'warmte', 'broeien', 'angst', 'geachte', 'voelt', 'bijvoorbeeld', 'nou', 'gerookt', 'worm']","['Voelt als een opvlamming.', 'Als het een opvlamming is wat kan ik dan het beste doen.', 'Is dat dan een opvlamming?']",157,"['flare', 'warmth', 'smoldering', 'anxiety', 'dear', 'feels', 'for_example', 'well', 'smoked', 'worm']",Medical