,Count,Name,Representation,Representative_Docs,topic_num,category_grouped,translation
0,3903,0_bedankt_dank_reactie_alvast,"['bedankt', 'dank', 'reactie', 'alvast', 'snelle', 'hoor', 'dankjewel', 'fijne', 'fijn', 'voorbaat']","['Alvast dank voor uw reactie  [PERSOON]', 'Alvast dank voor uw reactie,   [PERSOON]', 'Ik hoor het graag en bedankt voor uw snelle reactie']",0,non-medical,"Topic 0: thanks, thank you, response, in advance"
1,2239,1_prikken_ontlasting_bloed_ingeleverd,"['prikken', 'ontlasting', 'bloed', 'ingeleverd', 'laten', 'inleveren', 'bloedprikken', 'geprikt', 'uitslag', 'leveren']","['Beste,  Donderdag 20-1 heb ik ontlasting ingeleverd en bloed laten prikken.', 'Hallo,  Ik heb 2 weken geleden ontlasting ingeleverd en bloed laten prikken.', 'Maandag 2 mei heb ik bloed laten prikken en ontlasting ingeleverd.']",1,medical,"Topic 1: pricking, stool, blood, handed in"
2,1847,2_telefonisch_bellen_gebeld_contact,"['telefonisch', 'bellen', 'gebeld', 'contact', 'bereikbaar', 'consult', 'telefonische', 'belafspraak', 'telefoon', 'nummer']","['Hallo,  Ik had graag telefonisch contact gehad met jullie.', 'Hallo [PERSOON]/[PERSOON] N.a.v.telefonisch contact afgelopen vrijdag ben ik naar het aan geweest.', 'Mocht U toch nog telefonisch contact met mij willen hebben dan ben ik gewoon bereikbaar onder nummer [TELEFOONNUMMER] Met vriendelijke groet, [PERSOON]']",2,non-medical,"Topic 2: telephone, calling, called, contact"
3,1809,3_pijn_buik_buikpijn_last,"['pijn', 'buik', 'buikpijn', 'last', 'krampen', 'gevoel', 'onderbuik', 'nacht', 'rug', 'gewrichten']","['Geen pijn meer in.', 'Beste,  Sinds deze week heb ik veel last van mijn buik.', 'Dit is ondoenlijk van wege de pijn!']",3,medical,"Topic 3: pain, abdomen, abdominal pain, discomfort"
4,1799,4_slijm_toilet_ontlasting_bloed,"['slijm', 'toilet', 'ontlasting', 'bloed', 'keer', 'soms', 'zit', 'vaker', 'bloedverlies', 'aandrang']","['Ik heb ook weer bloed en slijm bij de ontlasting en meer luchtophopingen.', 'Ik heb eigenlijk nooit veel bloed of slijm bij mijn ontlasting gehad.', 'Buikpijn, slijm en bloed bij ontlasting, vaker naar het toilet per dag.']",4,medical,"Topic 4: mucus, toilet, stool, blood"
5,1791,5_afspraak_poli_gepland_staan,"['afspraak', 'poli', 'gepland', 'staan', 'datum', 'afspraken', 'plannen', 'verzetten', 'staat', 'agenda']","['17/2 is n poli afspraak weer gepland.', 'beste, ik heb 30 maart een afspraak op de poli bij [PERSOON].', 'Ik heb morgenvrowg een afspraak op de poli']",5,non-medical,"Topic 5: appointment, outpatient clinic, scheduled, set"
6,1500,6_uitslag_uitslagen_bekend_bloeduitslagen,"['uitslag', 'uitslagen', 'bekend', 'bloeduitslagen', 'spiegel', 'resultaten', 'hiervan', 'bloeduitslag', 'benieuwd', 'bloedwaarden']","['Is er al bekend de uitslagen Groethes', 'Zijn er al uitslagen bekend?', 'Zijn hier al de uitslagen van bekend?']",6,medical,"Topic 6: result, results, known, blood results"
7,1332,7_apotheek_recept_locatie_sturen,"['apotheek', 'recept', 'locatie', 'sturen', 'nieuw', 'faxen', 'zorginstelling', 'herhaalrecept', 'recepten', 'ophalen']","['Graag recept naar apotheek Céramique [LOCATIE].', 'Graag recept naar Apotheek [LOCATIE].', 'Het recept mag naar apotheek [LOCATIE].']",7,non-medical,"Topic 7: pharmacy, prescription, location, send"
8,1264,8_brief_ontvangen_mail_post,"['brief', 'ontvangen', 'mail', 'post', 'bericht', 'gestuurd', 'sturen', 'ophalen', 'verstuurd', 'email']","['bericht ontvangen!', 'Ik zou daar een E.-mail over ontvangen.', 'Beste [PERSOON],  Tot op hebben heb ik geen brief mogen ontvangen.']",8,non-medical,"Topic 8: letter, received, mail, post"
9,1064,9_humira_spuit_spuiten_injectie,"['humira', 'spuit', 'spuiten', 'injectie', 'zetten', 'hyrimoz', 'gezet', 'injecties', 'gespoten', 'gebruik']","['Kan dit te maken hebben met de Humira?', 'Dit alles had ik bij de humira niet.', 'Ik kan elke week humira niet aan.']",9,medical,"Topic 9: Humira, syringe, injecting, injection"
10,992,10_huisarts_arts_dokter_mdl,"['huisarts', 'arts', 'dokter', 'mdl', 'afspraak', 'contact', 'medische', 'bespreken', 'behandeling', 'artsen']","['Hallo [PERSOON], Ja via de huisarts.', 'Zou ik naar de huisarts moeten?', 'Ik heb woensdag een afspraak bij de huisarts.']",10,medical,"Topic 10: general practitioner, doctor, physician, gastroenterologist"
11,846,11_formulieren_formulier_potje_lab,"['formulieren', 'formulier', 'potje', 'lab', 'papieren', 'prikken', 'sturen', 'ontvangen', 'toestemmingsformulier', 'toesturen']","['Ik heb namelijk geen formulieren.', 'Ik heb namelijk hier geen formulieren meer voor.', 'Ik heb dus geen formulieren meer.']",11,non-medical,"Topic 11: forms, form, sample jar, lab"
12,844,12_medicatie_medicijnen_medicijn_stoppen,"['medicatie', 'medicijnen', 'medicijn', 'stoppen', 'gebruik', 'medicijngebruik', 'gebruiken', 'nieuwe', 'starten', 'kuur']","['Kan dit Met de medicatie te maken hebben?', 'Ik vroeg me af of dit met de medicatie te maken heeft?', 'Kan dit iets te maken hebben met mijn medicatie.']",12,medical,"Topic 12: medication, medicines, drug, stopping"
13,811,13_calprotectine_waarde_waardes_crp,"['calprotectine', 'waarde', 'waardes', 'crp', 'hoog', 'waarden', 'gemeten', 'test', 'thuistest', 'ontstekingswaarde']","['Wat was de waarde van de calprotectine?', 'En de  Calprotectine.', 'En de calprotectine?']",13,medical,"Topic 13: calprotectin, value, values, CRP"
14,801,14_mee_hiermee_weet_hieraan,"['mee', 'hiermee', 'weet', 'hieraan', 'geregeld', 'probleem', 'oorzaak', 'verstandig', 'klopt', 'bedoeling']","['Wat moet ik hier nu mee ?', 'wat moet ik hier nu mee doen?', 'Ik weet niet of we hier verder iets mee moeten?']",14,non-medical,"Topic 14: with, with this, know, about this"
15,717,15_test_app_quanton_cal,"['test', 'app', 'quanton', 'cal', 'calpro', 'thuistest', 'testen', 'gedaan', 'zelftest', 'thuistesten']","['Ik heb dus geen test kunnen doen.', 'Ik heb nog een test.', 'Wanneer moet ik z’n test doen?']",15,non-medical,"Topic 15: test, app, Quanton, cal"
16,717,16_infuus_infliximab_vedolizumab_remicade,"['infuus', 'infliximab', 'vedolizumab', 'remicade', 'entyvio', 'volgende', 'remsima', 'vedoluzimab', 'krijg', 'infuuscentrum']","['Tijdens het infuus.', 'Kan ik dan mijn infuus nog een week opschuiven?', 'Dit is dan voor en na het infuus.']",16,medical,"Topic 16: infusion, infliximab, vedolizumab, Remicade"
17,636,17_gaat_beter_goed_slechter,"['gaat', 'beter', 'goed', 'slechter', 'ging', 'gelukkig', 'blij', 'vanzelf', 'prima', 'rustig']","['Het gaat redelijk goed met mij.', 'Ja, het gaat wel goed.', 'Er gaat e.e.a. niet goed.']",17,medical,"Topic 17: goes, better, good, worse"
18,560,18_hoop_wacht_afwachten_hoogte,"['hoop', 'wacht', 'afwachten', 'hoogte', 'voldoende', 'hopelijk', 'snel', 'hopende', 'weten', 'wachten']","['Ik hoop het wel.', 'Ik hoop in de derde week van november.', 'ik hoop dat het eerder kan, ik wacht het af.']",18,non-medical,"Topic 18: hope, wait, awaiting, height"
19,515,19_koorts_hoesten_keel_keelpijn,"['koorts', 'hoesten', 'keel', 'keelpijn', 'verhoging', 'temperatuur', 'griep', 'verkouden', 'verkoudheid', 'hoest']","['Dus geen koorts.', 'Ik heb geen koorts.', 'Ook had ik hier koorts bij.']",19,medical,"Topic 19: fever, coughing, throat, sore throat"
20,472,20_tabletten_dosis_tablet_dosering,"['tabletten', 'dosis', 'tablet', 'dosering', 'daags', 'innemen', 'gebruiken', 'voorgeschreven', 'slik', 'gram']","['Deze tabletten zijn namelijk op.', 'Ik heb nog 24 tabletten.', 'Mijn tabletten zijn bijna op.']",20,medical,"Topic 20: tablets, dose, tablet, dosage"
21,450,21_eten_eet_misselijk_eetlust,"['eten', 'eet', 'misselijk', 'eetlust', 'voeding', 'gegeten', 'overgeven', 'misselijkheid', 'lactose', 'drinken']","['Meestal na het eten.', 'Wat mag ik wel/ niet eten?', 'ook na het eten.']",21,medical,"Topic 21: eating, eat, nauseous, appetite"
22,443,22_crohn_colitis_ziekte_ulcerosa,"['crohn', 'colitis', 'ziekte', 'ulcerosa', 'colitus', 'bechterew', 'rustig', 'reuma', 'medicatie', 'collitis']","['Zou het kunnen dat dit te maken heeft met Crohn?', 'Zou het van de Crohn kunnen zijn.', 'Kan ik dit gewoon nemen of doet dit ook iets aan de crohn.']",22,medical,"Topic 22: Crohn’s, colitis, disease, ulcerative"
23,428,23_ziekenhuis_opgenomen_locatie_langs,"['ziekenhuis', 'opgenomen', 'locatie', 'langs', 'huis', 'komen', 'morgen', 'hulp', 'verhuisd', 'lig']","['Moet woensdag namelijk ook al weer naar t ziekenhuis.', 'Moet ik dan naar het ziekenhuis.', 'Dan ben ik maandag gewoon in het ziekenhuis.']",23,medical,"Topic 23: hospital, admitted, location, visit"
24,414,24_klachten_verergerd_erger_verminderd,"['klachten', 'verergerd', 'erger', 'verminderd', 'contact', 'toenemen', 'verergeren', 'verminderen', 'toename', 'verbeterd']","['Ik heb verder geen klachten.', 'Ik heb ook klachten.', 'Klachten zijn nog hetzelfde.']",24,medical,"Topic 24: complaints, worsened, worse, reduced"
25,404,25_prednison_prednisolon_afgebouwd_afbouwschema,"['prednison', 'prednisolon', 'afgebouwd', 'afbouwschema', 'afbouwen', 'starten', 'gebruik', 'gestart', 'slikken', 'kuur']","['t/m 22-08 prednison 71/2 v.a.', 'Ik neem nog 10 mg prednison.', 'ik heb 10 dagen prednison gehad.']",25,medical,"Topic 25: prednisone, prednisolone, tapered, tapering schedule"
26,349,26_endoscopie_coloscopie_colonscopie_gastroscopie,"['endoscopie', 'coloscopie', 'colonscopie', 'gastroscopie', 'gepland', 'afdeling', 'ondergaan', 'staat', 'afspraak', 'datum']","['Beste   ik heb 9 september a.s. een endoscopie bij [PERSOON].', 'Op 19 juni heb ik een endoscopie gehad.', 'Ik heb 7 April een endoscopie gehad.']",26,medical,"Topic 26: endoscopy, colonoscopy, colonscopy, gastroscopy"
27,330,27_darmen_darm_darmklachten_dikke,"['darmen', 'darm', 'darmklachten', 'dikke', 'last', 'rustig', 'laatste', 'slokdarm', 'onrustig', 'merk']","['Ik heb sinds een week of twee/drie meer last van mijn darmen.', 'Ik heb de afgelopen dagen steeds meer last van mijn darmen.', 'Ik heb geen last van mijn darmen.']",27,medical,"Topic 27: intestines, bowel, bowel complaints, colon"
28,317,28_lang_maanden_jaar_wachten,"['lang', 'maanden', 'jaar', 'wachten', 'duurt', 'duren', 'periode', 'interval', 'minuten', 'tijd']","['Is dat niet erg lang wachten ?', 'Dit door te lang te wachten.', 'Is dat niet te lang?']",28,non-medical,"Topic 28: long, months, year, waiting"
29,306,29_operatie_chirurg_geopereerd_chirurgie,"['operatie', 'chirurg', 'geopereerd', 'chirurgie', 'anesthesist', 'anesthesie', 'opereren', 'gesprek', 'plaatsvinden', 'narcose']","['Graag zou ik nu weten wat dat voor een operatie zou zijn.', 'Nu hoor ik net dat mijn operatie pas over 3 weken.', 'Hoi [PERSOON] of [PERSOON] afgelopen maandag mijn operatie gehad.']",29,medical,"Topic 29: operation, surgeon, operated, surgery"
30,293,30_gebeurd_helaas_oplossen_gelukt,"['gebeurd', 'helaas', 'oplossen', 'gelukt', 'heden', 'geval', 'probleem', 'oplossing', 'hiervan', 'lossen']","['Dit is tot op heden nog steeds niet gebeurd.', 'Tot op heden is dat nog niet gebeurd.', 'Helaas is dat niet gebeurd.']",30,medical,"Topic 30: happened, unfortunately, solve, succeeded"
31,291,31_huid_gezicht_jeuk_rode,"['huid', 'gezicht', 'jeuk', 'rode', 'jeukt', 'bultjes', 'vlekken', 'rood', 'benen', 'plek']","['Verder heb ik een ontzettend droge huid gekregen vooral mijn gezicht en hals.', 'Ik heb sinds een paar weken last van jeuk in mijn gezicht voorhoofd , kaaklijn dit worden uiteindelijk rode bultjes .', 'Daarnaast merk ik op dat ik op mijn huid wat uitslag heb en sinds kort rode vlekken in mijn gezicht begin te krijgen.']",31,medical,"Topic 31: skin, face, itch, red"
32,283,32_vraag_vragen_vraagje_vraagjes,"['vraag', 'vragen', 'vraagje', 'vraagjes', 'daarnaast', 'tweetal', 'vandaar', 'hallo', 'aantal', 'stellen']","['Verder heb ik nog een vraag.', 'Verder heb ik zelf nog een vraag.', 'Verder heb ik nog een vraag.']",32,medical,"Topic 32: question, questions, little question, queries"
33,281,33_zwanger_gynaecoloog_zwangerschap_bevallen,"['zwanger', 'gynaecoloog', 'zwangerschap', 'bevallen', 'miskraam', 'zwangerschapstest', 'verloskundige', 'bevalling', 'ongesteld', 'dochter']","['Ik ben donderdag 32 weken zwanger.', 'Ook nu ik bijna 34 weken zwanger ben.', 'Over 2 weken (week 25) ben ik weer 8 weken zwanger.']",33,medical,"Topic 33: pregnant, gynecologist, pregnancy, delivery"
34,275,34_advies_adviseren_graag_tips,"['advies', 'adviseren', 'graag', 'tips', 'beste', 'adviezen', 'raad', 'hiermee', 'geven', 'raden']","['Graag jullie advies over wat te doen.', 'Ik zou graag advies willen.', 'graag uw advies.']",34,medical,"Topic 34: advice, advise, gladly, tips"
35,267,35_vaccinatie_vaccin_vaccinaties_covid,"['vaccinatie', 'vaccin', 'vaccinaties', 'covid', 'vaccineren', 'gevaccineerd', 'immuunsysteem', 'pfizer', 'mensen', 'astrazeneca']","['Zaterdag krijg ik mijn vaccinatie met Astra Zenica.', 'Ja, de vaccinatie inderdaad', '12 mei heb ik mijn tweede vaccinatie met het Moderna vaccin in het [ZIEKENHUIS].']",35,medical,"Topic 35: vaccination, vaccine, vaccinations, COVID"
36,263,36_voel_slecht_echt_voelde,"['voel', 'slecht', 'echt', 'voelde', 'lekker', 'beter', 'voelen', 'goed', 'moedeloos', 'ziek']","['Verder voel ik me goed!', 'Verder voel ik mij goed.', 'Ik voel me redelijk.']",36,medical,"Topic 36: feel, bad, really, felt"
37,261,37_vakantie_vertrek_nederland_reizen,"['vakantie', 'vertrek', 'nederland', 'reizen', 'terug', 'zuid', 'afrika', 'gaan', 'rijden', 'griekenland']","['Ga 5 oktober voor een week op vakantie.', 'Ik ga vrijdag namelijk op vakantie.', 'Over drie weken ga ik met vakantie naar Kirgizië.']",37,non-medical,"Topic 37: holiday, departure, Netherlands, travel"
38,247,38_purinethol_puri_nethol_nieuw,"['purinethol', 'puri', 'nethol', 'nieuw', 'recept', 'herhaalrecept', 'aanvragen', 'allopurinol', 'apotheek', 'herhaal']","['Goedemorgen graag zou ik een nieuw recept van de Puri-Nethol ontvangen.', 'Hallo,  Ik wil graag weer een nieuw recept puri-nethol vragen.', '2. mag ik weer een nieuw recept hebben voor Puri-Nethol.']",38,medical,"Topic 38: Purinethol, puri, nethol, new"
39,240,39_ibd_periodieke_ibdcoach_gezondheidscheck,"['ibd', 'periodieke', 'ibdcoach', 'gezondheidscheck', 'check', 'vragenlijst', 'vullen', 'invullen', 'ingevuld', 'team']","['Hallo IBD Coach, ik heb op 18 oktober j.l.', 'Beste ibd coach,  Op 7 aug.j.l.', 'Mag via de IBD-coach.']",39,medical,"Topic 39: IBD, periodic, IBD coach, health check"
40,238,40_vitamine_foliumzuur_vitamines_multivitamine,"['vitamine', 'foliumzuur', 'vitamines', 'multivitamine', 'vit', 'doorsturen', 'mtx', 'spuiten', 'spuit', 'calcium']","['vitamine B12 in (25 ug).', 'Ik heb foliumzuur nodig ipv vitamine b tabletten.', 'En foliumzuur en vitamine b12 etc?']",40,medical,"Topic 40: vitamin, folic acid, vitamins, multivitamin"
41,231,41_werk_werken_werkgever_thuis,"['werk', 'werken', 'werkgever', 'thuis', 'stage', 'school', 'baan', 'onderwijs', 'uren', 'gaan']","['Ik werk in het basisonderwijs.', 'Wel ben ik weer meer aan het werk in mijn horecazaak.', 'Ik werk namelijk van ma t/m vr.']",41,non-medical,"Topic 41: work, working, employer, home"
42,230,42_besproken_vreemd_vraag_keuze,"['besproken', 'vreemd', 'vraag', 'keuze', 'navragen', 'begrepen', 'medewerker', 'opvolger', 'wilt', 'kort']","['(dit heb ik reeds besproken met [PERSOON])  Vraag: Kan ik hier zsm mee beginnen?', 'Wat vreemd, [PERSOON] heeft dit wel altijd besproken met de afdeling.', 'Hallo,  Hebben jullie mijn vraag bij [PERSOON] al besproken?']",42,medical,"Topic 42: discussed, strange, question, choice"
43,211,43_darmonderzoek_darm_maagonderzoek_onderzoek,"['darmonderzoek', 'darm', 'maagonderzoek', 'onderzoek', 'dikke', 'darmen', 'gepland', 'maag', 'darmspecialist', 'dunne']","['Beste,   Afgelopen vrijdag heb ik een darmonderzoek gehad.', 'Ook al heb ik dan het darmonderzoek nog niet gehad?', '9 september heb ik een darmonderzoek.']",43,medical,"Topic 43: bowel examination, intestine, stomach examination, investigation"
44,208,44_pentasa_granulaat_zetpillen_korrels,"['pentasa', 'granulaat', 'zetpillen', 'korrels', 'pentaza', 'gram', 'recept', 'herhaalrecept', 'sachet', 'gebruik']","['Ik zou graag een nieuw recept willen voor de pentasa 1 x 4 g per dag.', 'Graag had ik weer een nieuw herhaar recept Pentasa 2gr [PERSOON]', 'Pentasa granulated 2gr [PERSOON]']",44,medical,"Topic 44: Pentasa, granules, suppositories, pellets"
45,204,45_antibiotica_kuur_antibioticakuur_bacterie,"['antibiotica', 'kuur', 'antibioticakuur', 'bacterie', 'probiotica', 'voorgeschreven', 'gekregen', 'antibioticum', 'infectie', 'wand']","['Hoi [PERSOON],  ik ben bij de huisarts geweest en heb een antibiotica kuur van 5 dagen gekregen.', 'Ik heb antibiotica gekregen.', 'Nee geen antibiotica kuur gehad.']",45,medical,"Topic 45: antibiotics, course, antibiotic treatment, bacteria"
46,200,46_diarree_buikgriep_buikpijn_overgeven,"['diarree', 'buikgriep', 'buikpijn', 'overgeven', 'water', 'last', 'flinke', 'remmer', 'griep', 'overgegeven']","['En heb nog diarree.', 'Ik ga nu de elfde dag met onverminderde diarree in; ik ben nu ca.', 'Af en toe heb ik ook wat diarree.']",46,medical,"Topic 46: diarrhea, stomach flu, abdominal pain, vomiting"
47,199,47_melden_doorgeven_wilde_weten,"['melden', 'doorgeven', 'wilde', 'weten', 'bespreken', 'laten', 'hoeft', 'meld', 'laat', 'graag']","['Ik wilde dit even melden.', 'Ik wilde dit wel melden', ', maar wilde dit toch even aan je melden.']",47,non-medical,"Topic 47: report, pass on, wanted, know"
48,196,48_mri_scan_uitslag_gemaakt,"['mri', 'scan', 'uitslag', 'gemaakt', 'gepland', 'datum', 'ingepland', 'scannen', 'bespreken', 'plaats']","['Uitslag mri scan.', 'Hallo [PERSOON]/[PERSOON]  Ik heb op 8 april a.s een MRI scan.', 'Beste [PERSOON]/[PERSOON],  ik heb a.s. donderdag 12 aug. een Mri scan.']",48,medical,"Topic 48: MRI, scan, result, made"
49,194,49_moe_energie_vermoeid_voel,"['moe', 'energie', 'vermoeid', 'voel', 'merk', 'extreem', 'ziek', 'uitgeput', 'energielevel', 'doodmoe']","['Weinig energie en moe.', 'Ben wel wat moe/weinig energie maar dat kan ook door de hitte zijn he..  [PERSOON]', 'Beste,   De laatste tijd heb ik weinig energie en voel ik me vaak moe.']",49,medical,"Topic 49: tired, energy, fatigued, feel"
50,191,50_onderzoek_bevolkingsonderzoek_darmkanker_onderzoeken,"['onderzoek', 'bevolkingsonderzoek', 'darmkanker', 'onderzoeken', 'meedoen', 'mee', 'meegedaan', 'deelname', 'studie', 'roesje']","['Zou graag mijn bijdrage aan dit onderzoek willen doen.', 'Zelf zou ik graag een onderzoek willen en welke maakt mij niet uit.', 'Wat heeft dit onderzoek uitgewezen?']",50,medical,"Topic 50: screening, population screening, bowel cancer, examinations"
51,188,51_omeprazol_esomeprazol_daags_chew,"['omeprazol', 'esomeprazol', 'daags', 'chew', 'calci', 'sulfasalazine', 'stuks', 'pantoprazol', 'capsules', 'tablet']","['* Omeprazol 20 mg 1 x daags 1 * Calci chew D3 500 mg/800 I.E.', '* Omeprazol 20 mg 1 x daags 1 * Calci chew D3 500 mg/800 I.E.', '* Omeprazol 20 mg 1 x daags 1 * Calci chew D3 500 mg/800 I.E.']",51,medical,"Topic 51: omeprazole, esomeprazole, daily, chew"
52,172,52_klysma_klysmas_schuimklysma_gebruikt,"['klysma', 'klysmas', 'schuimklysma', 'gebruikt', 'gebruiken', 'klisma', 'budenofalk', 'salofalk', 'proberen', 'clisma']","['Volgens recept moet ik nu om de dag een klysma nemen.', 'Bijv klysma’s of iets anders?', 'Ik ben 2 weken klysma vrij.']",52,medical,"Topic 52: enema, enemas, foam enema, used"
53,166,53_paracetamol_tramadol_amitriptyline_helpt,"['paracetamol', 'tramadol', 'amitriptyline', 'helpt', 'ibuprofen', 'pijn', 'onderdrukken', 'pijnstiller', 'gebruik', 'slik']","['En is er, buiten paracetamol, iets tegen de pijn te doen?', 'mag ik paracetamol/ibubrofen?', '[PERSOON] iedere dag vier paracetamol van 500mg.']",53,medical,"Topic 53: paracetamol, tramadol, amitriptyline, helps"
54,163,54_ijzer_ijzerinfuus_ijzergehalte_ijzertekort,"['ijzer', 'ijzerinfuus', 'ijzergehalte', 'ijzertekort', 'laag', 'tekort', 'infuus', 'ijzertabletten', 'gehalte', 'waardes']","['Als het ijzer te laag wordt, heeft [PERSOON] me de vorige keer een ijzer infuus voorgeschreven.', 'Ik heb vorige week mijn ijzer infuus gehad.', 'Hallo,   Op 6 augustus heb ik mijn ijzer infuus gehad.']",54,medical,"Topic 54: iron, iron infusion, iron level, iron deficiency"
55,157,55_corona_positief_getest_virus,"['corona', 'positief', 'getest', 'virus', 'covid', 'negatief', 'vaccinatie', 'vaccin', 'test', 'besmetting']","['Ik ben positief getest op corona.', 'Overigens ben ik op 30/12 positief getest op corona.', 'Ik ben positief getest op corona.']",55,medical,"Topic 55: corona, positive, tested, virus"
56,153,56_zetpillen_pillen_herhaal_gebruiken,"['zetpillen', 'pillen', 'herhaal', 'gebruiken', 'gebruik', 'herhaalrecept', 'recept', 'gestopt', 'goedemorgen', 'voorgeschreven']","['Daarna weer zetpillen ?', 'Mijn zetpillen zijn bijna op.', 'Nu zijn de zetpillen bijna op.']",56,medical,"Topic 56: suppositories, pills, repeat, use"
57,150,57_adres_locatie_mailadres_gewijzigd,"['adres', 'locatie', 'mailadres', 'gewijzigd', 'emailadres', 'verhuisd', 'oude', 'verhuizing', 'ziekenhuis', 'doorgestuurd']","['Mijn nieuwe adres is :[LOCATIE]                                        [LOCATIE].', 'Het nieuwe adres is [LOCATIE], [LOCATIE].', 'Mijn adres is: [LOCATIE]-2  [LOCATIE].']",57,non-medical,"Topic 57: address, location, email address, changed"
58,142,58_urine_blaasontsteking_blaas_nier,"['urine', 'blaasontsteking', 'blaas', 'nier', 'galblaas', 'nieren', 'urinekweek', 'kweek', 'huisarts', 'urineweginfectie']","['28 september bij huisarts geweest, bloed in urine.', 'Wat kan ik het beste nemen tegen deze ontsteking, mocht er in urine toch blaasontsteking aangetoond worden?', 'Ben vanmorgen urine laten controleren bij de huisarts, konden nog geen blaasontsteking vinden maar wel bloed in urine gedetecteerd.']",58,medical,"Topic 58: urine, bladder infection, bladder, kidney"
59,136,59_controle_afspraak_controles_controlestrook,"['controle', 'afspraak', 'controles', 'controlestrook', 'jaarlijkse', 'komen', 'jaar', 'gemaakt', 'controleer', 'afdeling']","['Moet in februari pas weer op controle.', 'Afgelopen maandag nog op controle geweest bij [PERSOON].', 'Vervolgens ben ik op 12 juni op controle geweest bij [PERSOON].']",59,non-medical,"Topic 59: checkup, appointment, controls, control strip"
60,136,60_anus_fistel_abces_pijn,"['anus', 'fistel', 'abces', 'pijn', 'gevoel', 'branderig', 'endeldarm', 'pijnlijke', 'fistels', 'vagina']","['Dit zou ik namelijk wel willen gezien ook de pijn aan de anus.', 'Beste,  ik heb een vraag m.b.t. mijn anus.', 'Een worm bij mijn anus.']",60,medical,"Topic 60: anus, fistula, abscess, pain"
61,135,61_mogelijk_mogelijkheden_hoor_graag,"['mogelijk', 'mogelijkheden', 'hoor', 'graag', 'optie', 'alternatief', 'verneem', 'termijn', 'korte', 'opgezocht']","['Is dit mogelijk?', 'Is dit mogelijk?', 'Zou dit mogelijk zijn?']",61,medical,"Topic 61: possible, possibilities, hear, gladly"
62,135,62_thiosix_herhaalrecept_nieuw_recept,"['thiosix', 'herhaalrecept', 'nieuw', 'recept', 'calcium', 'uitschrijven', 'apotheek', 'tabletten', 'gebruik', 'locatie']","['Ik was niet klachtvrij met de Thiosix, maar dat was beter dan dit.', '[PERSOON],  Mijn medicatie van Thiosix is bijna op.', 'Hoi [PERSOON] & [PERSOON],  Mijn Thiosix 10 mg is bijna op.']",62,medical,"Topic 62: Thiosix, repeat prescription, new, prescription"
63,133,63_kilo_gewicht_afgevallen_weeg,"['kilo', 'gewicht', 'afgevallen', 'weeg', 'gewichtsverlies', 'afvallen', 'woog', 'verliezen', 'roken', 'weegt']","['Zo ben ik na ongeveer een jaar tien kilo afgevallen.', 'Ben nu al een paar kilo afgevallen.', 'Toen ben ik ook 3 kilo afgevallen.']",63,medical,"Topic 63: kilo, weight, lost weight, weigh"
64,132,64_verzekering_zorgverzekering_risico_aanvraag,"['verzekering', 'zorgverzekering', 'risico', 'aanvraag', 'uwv', 'vergoed', 'medische', 'kosten', 'levensverzekering', 'gegevens']","['Helaas heeft de verzekering nog geen gegevens mogen ontvangen.', '- Er is een aanvraag gedaan vanuit de verzekeraar Allianz voor een overlijdensrisico verzekering, hiervoor is informatie opgevraagd bij het ziekenhuis maar hier is geen reactie op gekomen.', 'Ik heb een aanvraag gedaan voor overlijdensrisico verzekering.']",64,non-medical,"Topic 64: insurance, health insurance, risk, application"
65,125,65_dermatoloog_dermatologie_doorverwijzing_verwijzing,"['dermatoloog', 'dermatologie', 'doorverwijzing', 'verwijzing', 'verwijsbrief', 'doorverwezen', 'ivm', 'vervolgafspraak', 'huid', 'kalknagels']","['Morgen ga ik wederom naar mijn dermatoloog!', 'Of naar de dermatoloog.', 'Ik moest toch naar dermatoloog.']",65,medical,"Topic 65: dermatologist, dermatology, referral, reference"
66,123,66_zalf_creme_smeren_gesmeerd,"['zalf', 'creme', 'smeren', 'gesmeerd', 'lidocaine', 'gekregen', 'druppels', 'helpt', 'oordruppels', 'gebruiken']","['Zalf: 1x per dag triamcinolonacet en 2x per dag zinkoxidesmeersel.', 'inmiddels heb ik er een week of vijf zalf opgesmeerd en is het bijna weg.', 'De zalf had ik via de huisarts gekregen inderdaad.']",66,medical,"Topic 66: ointment, cream, applying, applied"
67,121,67_cortiment_afbouwen_stoppen_slik,"['cortiment', 'afbouwen', 'stoppen', 'slik', 'beclometason', 'verbetering', 'starten', 'slikken', 'gebruik', 'citalopram']","['Zal ik dat ook krijgen met Cortiment?', 'Niet de Cortiment ?', 'Dus nu inmiddels 4 weken Cortiment.']",67,medical,"Topic 67: Cortiment, tapering, stopping, swallow"
68,117,68_vragenlijst_ingevuld_invullen_vragenlijsten,"['vragenlijst', 'ingevuld', 'invullen', 'vragenlijsten', 'vullen', 'vragen', 'antwoorden', 'lijst', 'maandelijkse', 'maandelijks']","['Vragenlijst ingevuld.', 'Volgens mij heb ik deze vragenlijst al ingevuld🤔', 'Ja, ik heb een vragenlijst ingevuld.']",68,non-medical,"Topic 68: questionnaire, filled in, fill out, questionnaires"
69,117,69_sessie_inloggen_sessies_melding,"['sessie', 'inloggen', 'sessies', 'melding', 'account', 'wachtwoord', 'staat', 'ingevuld', 'invullen', 'ingelogd']","['Ook dat ik steeds een mail krijg dat er een sessie voor mij klaar staat en als ik inlog dan staat er geen sessie voor mij klaar.', 'Of hebben jullie de sessie binnen ?', 'deze sessie is reeds geweest.']",69,non-medical,"Topic 69: session, log in, sessions, notification"
70,115,70_zorgen_bang_ongerust_begin,"['zorgen', 'bang', 'ongerust', 'begin', 'angstig', 'beangstigend', 'geschrokken', 'hierdoor', 'bezorgd', 'enorm']","['Is er iets om mij zorgen te moeten maken?', 'Is dit iets waar ik me zorgen om moet maken?', 'Daar maak ik me dan zorgen over.']",70,medical,"Topic 70: worries, afraid, anxious, beginning"
71,112,71_hoofdpijn_duizelig_duizeligheid_hoofd,"['hoofdpijn', 'duizelig', 'duizeligheid', 'hoofd', 'migraine', 'hartkloppingen', 'licht', 'last', 'erge', 'gevoel']","['Hoofdpijn heb ik minder vaak.', 'Ook last van hoofdpijn.', 'Vandaag is het vrijdag ben nog steeds een beetje duizelig en hoofdpijn is nog latent aanwezig.']",71,medical,"Topic 71: headache, dizzy, dizziness, head"
72,109,72_ontsteking_ontstekingen_actief_genezen,"['ontsteking', 'ontstekingen', 'actief', 'genezen', 'reuma', 'voorkomen', 'teken', 'aanwezig', 'uveitis', 'intensief']","['Dit zou een ontsteking kunnen worden.', 'de ontsteking lijkt niet minder te worden.', 'De ontsteking is nl.']",72,medical,"Topic 72: inflammation, inflammations, active, healing"
73,106,73_ogen_oogarts_oog_wijsheid,"['ogen', 'oogarts', 'oog', 'wijsheid', 'oogontsteking', 'ontstoken', 'opticien', 'rood', 'zicht', 'droge']","['Beste,  Ik ben 30 juli bij [PERSOON] geweest voor ontstoken ogen.', 'Ik heb ook de ogen ontstoken.', 'Met mijn ogen gaat het prima, geen last meer gehad.']",73,medical,"Topic 73: eyes, ophthalmologist, eye, wisdom"
74,96,74_proberen_geprobeerd_lukt_bewust,"['proberen', 'geprobeerd', 'lukt', 'bewust', 'voorkeur', 'setje', 'waard', 'gekozen', 'nagedacht', 'roken']","['Ik ga proberen om dat deze week nog te doen.', 'Ik ga het zo proberen.', 'Zou je het nog eens willen proberen?']",74,medical,"Topic 74: try, tried, succeed, consciously"
75,95,75_excuses_sorry_late_vele,"['excuses', 'sorry', 'late', 'vele', 'ongemak', 'excuus', 'geduld', 'reactie', 'jammer', 'lastig']","['Mijn excuses voor de overlast.', 'Hallo,  Excuses voor de late reactie.', 'Mijn excuses voor de late reactie.']",75,non-medical,"Topic 75: apologies, sorry, late, many"
76,95,76_psylliumvezels_metamucil_suikervrij_teva,"['psylliumvezels', 'metamucil', 'suikervrij', 'teva', 'orange', 'macrogol', 'magnesiumhydroxide', 'volcolon', 'movicolon', 'recept']","['Voor de psylliumvezels (suikervrij Teva) zou ik graag een nieuw recept ontvangen.', 'Voor de Psylliumvezels [PERSOON] Orange Suikervrij, 90 stuks granulaat, heeft ze Metamucil uitgeschreven en dat terwijl ik altijd de Psylliumvezels krijg omdat ik die Metamucil niet verdraag.', 'Ik gebruik nu Psylliumvezels, dus geen Metamucil.']",76,medical,"Topic 76: psyllium fibers, Metamucil, sugar-free, Teva"
77,94,77_scopie_gepland_sedatie_staat,"['scopie', 'gepland', 'sedatie', 'staat', 'plaatsvinden', 'botscan', 'getroffen', 'lezer', 'dames', 'besproken']","['Goedemorgen,  Vrijdag 9 juli heb ik om 8.30 uur een scopie.', 'ls,as donderdag 14 januari om 15.45 is de scopie gepland.', '[PERSOON]  (Zelf heb ik 11 augustus weer een scopie)']",77,medical,"Topic 77: scopy, scheduled, sedation, planned"
78,93,78_bijwerkingen_ciclosporine_effect_zeer,"['bijwerkingen', 'ciclosporine', 'effect', 'zeer', 'hoge', 'veroorzaken', 'mogelijke', 'maag', 'lange', 'noemde']","['Zouden dit bijwerkingen kunnen zijn?', 'Maar ook nu weer bijwerkingen.', 'Kunnen dit gewoon bijwerkingen zijn?']",78,medical,"Topic 78: side effects, ciclosporin, effect, very"
79,90,79_tandarts_mond_tong_tandvlees,"['tandarts', 'mond', 'tong', 'tandvlees', 'kaakchirurg', 'ontstoken', 'kaakchirurgie', 'aften', 'tanden', 'gehemelte']","[""Ook ben ik bij de tandarts geweest en heb ik foto's van de kaak laten maken en dit zit zag er normaal uit, het tandvlees was licht ontstoken, maar volgens de tandarts kan hier niet de zwelling in mijn gezicht van af komen."", 'Hallo [PERSOON], Ik ben net bij de tandarts geweest en die maakt zich een beetje zorgen om mijn tong.', 'Gisteren bij de tandarts geweest, ik heb geen ontstoken tandvlees.']",79,medical,"Topic 79: dentist, mouth, tongue, gums"
80,85,80_vermoeidheid_vermoeidheidsklachten_last_aanwezig,"['vermoeidheid', 'vermoeidheidsklachten', 'last', 'aanwezig', 'mentaal', 'houdt', 'enorme', 'toegenomen', 'algehele', 'chronische']","['Verder gaat alles redelijk, op de vermoeidheid en de vergeetachtigheid na.', 'Verder last van vermoeidheid.', 'Ook de vermoeidheid is eigenlijk niet te doen.']",80,medical,"Topic 80: fatigue, fatigue complaints, trouble, present"
81,84,81_gehoord_vernomen_heden_hierover,"['gehoord', 'vernomen', 'heden', 'hierover', 'helaas', 'hierop', 'snap', 'nieuws', 'kwartaal', 'deliteren']","['Ik heb hier niets over gehoord.', 'Ik heb hier namelijk niks meer over gehoord.', 'Ook hier heb ik nog niks over gehoord.']",81,non-medical,"Topic 81: heard, learned, present, about this"
82,80,82_reumatoloog_reumatologie_artrose_verwijzing,"['reumatoloog', 'reumatologie', 'artrose', 'verwijzing', 'fibromyalgie', 'hematoloog', 'gewrichtsklachten', 'afspraak', 'consult', 'reuma']","['Helaas kan de Reumatoloog niks voor me doen.', '25 juni heb ik een afspraak bij de reumatoloog.', '[PERSOON], Vandaag 18 juli afspraak bij reumatoloog.']",82,medical,"Topic 82: rheumatologist, rheumatology, arthrosis, referral"
83,78,83_ustekinumab_ustekinimab_the_and,"['ustekinumab', 'ustekinimab', 'the', 'and', 'injection', 'injectie', 'started', 'spiegel', 'blood', 'spuit']","['Ik krijg donderdag 08 juli mijn 2e spuit Ustekinumab.', 'Ik ben geprikt op ustekinumab op 28 januari.', 'gebruik van Ustekinumab.']",83,medical,"Topic 83: ustekinumab, ustekinimab, the, and"
84,78,84_mis_gegaan_fout_misgegaan,"['mis', 'gegaan', 'fout', 'misgegaan', 'hand', 'gebeuren', 'orde', 'gaat', 'communicatie', 'nakijken']","['Misschien is daar iets mis gegaan.', 'Kan het zijn dat hier iets is mis gegaan??', 'Blijkbaar is er iets mis gegaan en had ik op 7 december jl.']",84,non-medical,"Topic 84: went, wrong, error, went wrong"
85,78,85_azathioprine_daags_tablet_klinion,"['azathioprine', 'daags', 'tablet', 'klinion', 'compres', 'ampul', 'forlax', 'code', 'maanden', 'vergoed']","['hallo [PERSOON]/[PERSOON]  ik zou graag een recept voor 3 maanden willen hebben van : Azathioprine 25 mg 1 x daags 1 tablet Azathioprine 50 mg 1 x daags 2 tablet Forlax 10 gram 4 x daags 1 zakje vitamine b12 ampul 1 x per 2 maanden klinion compres extra 10 x 20 6 stuks per dag hier wel code B4 bij zetten anders krijg ik ze niet vergoed.', 'Ook bij gebruik van azathioprine?', 'Hoi,  De azathioprine is op.']",85,medical,"Topic 85: azathioprine, daily, tablet, Klinion"
86,77,86_mening_denken_akkoord_hierover,"['mening', 'denken', 'akkoord', 'hierover', 'achteraan', 'voorstel', 'vind', 'standpunt', 'hoor', 'hiermee']","['Graag jullie mening hierover.', 'Graag hoor ik uw mening hierover.', 'Ik hoor graag wat uw mening hierover.']",86,non-medical,"Topic 86: opinion, think, agree, about this"
87,76,87_stress_rol_periode_werk,"['stress', 'rol', 'periode', 'werk', 'stressvolle', 'speelt', 'spanning', 'druk', 'grote', 'lijf']","['Hallo [PERSOON],  Ja ik weet ook dat het nu door de stress komt.', 'Ik heb de laatste tijd veel stress gehad en nog steeds wel.', 'Ik ga er nog steeds vanuit dat het door de stress komt.']",87,medical,"Topic 87: stress, role, period, work"
88,76,88_stoma_stomaverpleegkundige_verwijderd_operatie,"['stoma', 'stomaverpleegkundige', 'verwijderd', 'operatie', 'darm', 'dikke', 'tijdelijk', 'opinion', 'second', 'chirurg']","['Het gaat niet zo goed want de pijn aan mijn stoma is niet uit te houden.', 'Ik heb inmiddels al 1,5 jaar een stoma.', 'Hoi [PERSOON], Ik heb vooral heel veel last van het stoma.']",88,medical,"Topic 88: stoma, stoma nurse, removed, operation"
89,76,89_voorgeschreven_geadviseerd_voorschrijven_gaf,"['voorgeschreven', 'geadviseerd', 'voorschrijven', 'gaf', 'geldt', 'wilt', 'medicatie', 'overleggen', 'behandeld', 'gevraagd']","['Zij gaf aan dat dit mijn klachten zou kunnen verklaren en zou normaliter ijzertabletten voorschrijven in een dergelijke situatie.', 'Ze heeft buscopan 10 Mg 3 x per dag voorgeschreven.. indien dit niet helpt wilt ze mij vrijdag toch opnemen voor verdere onderzoeken', ""Daarnaast heeft zij '[PERSOON] 60mg' voorgeschreven; deze medicatie dien ik te slikken, als ik ondanks injectie klachten heb.""]",89,medical,"Topic 89: prescribed, advised, prescribing, gave"
90,75,90_foto_bestand_beeld_groot,"['foto', 'bestand', 'beeld', 'groot', 'stuur', 'bijgevoegd', 'toegevoegd', 'lukte', 'bijvoegen', 'fotos']","['Bij deze de foto.', 'Hier de andere foto', 'Ik kan nergens een foto invoegen.']",90,non-medical,"Topic 90: photo, file, image, large"
91,73,91_sporten_sport_conditie_wandelen,"['sporten', 'sport', 'conditie', 'wandelen', 'lichamelijke', 'fysiotherapeut', 'fysio', 'lopen', 'oefeningen', 'fit']","['Ik deed vaker in de week een uur op een dag sporten.', 'Ik ga nu sporten, en ben na 11 uur zeker thuis.', 'Zonder te sporten of iets te doen.']",91,medical,"Topic 91: sports, exercise, condition, walking"
92,73,92_oke_bedankt_komende_inhouden,"['oke', 'bedankt', 'komende', 'inhouden', 'vergissing', 'jazeker', 'yes', 'hoogte', 'verzorgen', 'probleem']","['oke, zal ik doen', 'oke dat zal ik doen', 'Oke dat zal ik doen.']",92,non-medical,"Topic 92: okay, thanks, upcoming, include"
93,72,93_helpen_betekenen_hoop_hiermee,"['helpen', 'betekenen', 'hoop', 'hiermee', 'inplannen', 'geven', 'begrijpt', 'oplossing', 'antwoord', 'regelen']","['Ik hoop dat jullie mij kunnen helpen!!', 'Ik hoop dat u mij kunt helpen.', 'Ik hoop dat u kunt helpen.']",93,non-medical,"Topic 93: help, mean, hope, with this"
94,72,94_drinken_liter_drink_water,"['drinken', 'liter', 'drink', 'water', 'gedronken', 'alcohol', 'vloeistof', 'vocht', 'thee', 'dorst']","['Ik heb volgende week zondag ( 23 december ) een scan en moet dan weer een liter vloeistof drinken.', 'Ik drink iets meer, maar zeker geen liter meer.', '- Drinken: ik denk te weinig, een liter maar echt niet meer dan 1,5 liter.']",94,medical,"Topic 94: drinking, liter, drink, water"
95,68,95_griepprik_griepspuit_waterpokken_griep,"['griepprik', 'griepspuit', 'waterpokken', 'griep', 'oproep', 'jaarlijkse', 'aanmerking', 'huisarts', 'halen', 'groep']","['Beste [PERSOON]/[PERSOON],  Ik heb nog geen oproep ontvangen voor de griepprik.', 'Hallo [PERSOON]/ [PERSOON]  Even een vraag m.b.t de griepprik.', 'Nu echter kun je de griepprik niet later laten zetten.']",95,medical,"Topic 95: flu shot, flu injection, chickenpox, flu"
96,67,96_maagbeschermer_maagbeschermers_kalktabletten_nieuw,"['maagbeschermer', 'maagbeschermers', 'kalktabletten', 'nieuw', 'maag', 'maagzuur', 'goedemorgen', 'maagzuurremmers', 'hrb', 'gebruiken']","['Goedemorgen,  Zou u een nieuw recept van de maagbeschermer en kalktabletten willen sturen naar mijn apotheek.', 'Goedemorgen, Zou u een nieuw recept van de kalktabletten en maagbeschermer naar de apotheek kunnen sturen?', 'Goedemorgen,  Zou u een nieuw recept van de Kalktabletten en de maagbeschermer willen sturen naar mijn apotheek.']",96,medical,"Topic 96: stomach protector, stomach protectors, calcium tablets, new"
97,66,97_ibd_verpleegkundige_digid_chili,"['ibd', 'verpleegkundige', 'digid', 'chili', 'mensen', 'ervaar', 'app', 'verklaring', 'team', 'voorkomt']","['Beste IBD-verpleegkundige,  Ik heb nog een vraagje.', 'Beste IBD-verpleegkundige,  Bedankt voor de reactie.', 'Dit had niets met de IBD te maken.']",97,non-medical,"Topic 97: IBD, nurse, DigiD, Chili"
98,65,98_beclometason_zetpillen_beclomethason_beclametason,"['beclometason', 'zetpillen', 'beclomethason', 'beclametason', 'beclamethason', 'gebruik', 'duspetal', 'budesonide', 'voorgeschreven', 'supp']","['Hallo,  Ik heb sinds vorige week maandag beclometason zetpillen.', 'Goedemorgen, De Beclometason 3 mg. zetpillen die ik gebruik zijn op.', 'Goedemorgen, De Beclometason 3 mg. zetpillen die ik gebruik zijn op.']",98,medical,"Topic 98: beclometasone, suppositories, beclomethasone, beclametason"
99,65,99_mezavant_mesavant_mesalazine_calcium,"['mezavant', 'mesavant', 'mesalazine', 'calcium', 'vitamine', 'pillen', 'tabletten', 'voorraad', 'recept', 'magnesium']","['Of enkel en alleen het nieuwe recept (Mezavant) ?', 'Mezavant 1200 mg 2x 2 per dag.', 'De medicatie is mezavant 1200mg 3x per dag.']",99,medical,"Topic 99: Mezavant, Mesavant, mesalazine, calcium"
100,64,100_nakijken_aub_verlengen_aanpassen,"['nakijken', 'aub', 'verlengen', 'aanpassen', 'kijken', 'navragen', 'controleren', 'zien', 'orde', 'zinnig']","['Zouden jullie dit willen nakijken?', 'Zouden jullie dit voor me willen nakijken.', 'Zou u dit willen nakijken?']",100,non-medical,"Topic 100: check, please, extend, adjust"
101,63,101_lever_leverwaardes_leverwaarden_leverarts,"['lever', 'leverwaardes', 'leverwaarden', 'leverarts', 'verhoogde', 'leverwaarde', 'cholesterol', 'levertesten', 'milt', 'afwijkend']","['Verder heeft de leverarts geadviseerd tijdens de zwangerschap de leverwaardes in de gaten te houden.', 'In hoeverre kan dit alles nog invloed op mijn lever en leverwaardes hebben?', 'Ik heb afgelopen zondag een scan van de lever gehad, omdat de leverwaardes hoog blijven.']",101,medical,"Topic 101: liver, liver values, liver tests, hepatologist"
102,63,102_verwijzing_verwijsbrief_doorverwijzing_verwijs,"['verwijzing', 'verwijsbrief', 'doorverwijzing', 'verwijs', 'bijsluiter', 'nodig', 'maatschappelijk', 'dossier', 'balie', 'polikliniek']","['Willen jullie dan een verwijzing maken?', 'Er was nog geen verwijzing binnen.', 'Zij hadden nog geen verwijzing.']",102,non-medical,"Topic 102: referral, referral letter, referral, refer"
103,62,103_longen_longarts_longfoto_longontsteking,"['longen', 'longarts', 'longfoto', 'longontsteking', 'hart', 'foto', 'tbc', 'vlekjes', 'scan', 'uitsluiten']","['Is het zinvol om een afspraak te maken voor het maken van een foto van de longen?', 'Gb  Cardioloog: mogelijk uw longen.', 'Mijn longen zien er volgens de longarts goed uit en ook de huisarts kan niet echt iets verkeerds horen.']",103,medical,"Topic 103: lungs, pulmonologist, chest X-ray, pneumonia"
104,59,104_echo_hartje_zien_kloppend,"['echo', 'hartje', 'zien', 'kloppend', 'bovenbuik', 'radiologie', 'galstenen', 'cardioloog', 'roesje', 'bekijken']","['Ja ik kan de 27e maar dan heb ik nog geen echo gehad dus weet ik nog niet veel..', '2 maart moet ik weer voor een echo.', 'Hallo [PERSOON],  Ik ben net voor de echo geweest.']",104,medical,"Topic 104: ultrasound, little heart, see, beating"
105,54,105_meedoen_mee_meewerken_hieraan,"['meedoen', 'mee', 'meewerken', 'hieraan', 'deel', 'afmelden', 'zinvol', 'melden', 'graag', 'ondernemen']","['ik wil graag meedoen.', 'Ik wil graag meedoen.', 'Ik wil graag hier aan meedoen.']",105,medical,"Topic 105: participate, join, cooperate, with this"
106,53,106_opvlamming_broeien_angst_voelt,"['opvlamming', 'broeien', 'angst', 'voelt', 'zien', 'nou', 'bijwerking', 'eventuele', 'jaren', 'verademing']","['Die zal ik dan vandaag even doen om te zien of het geen opvlamming is.', 'Als het een opvlamming is wat kan ik dan het beste doen.', 'Is dat dan een opvlamming?']",106,medical,"Topic 106: flare-up, brewing, fear, feels"
107,52,107_vezels_zakjes_betere_drinken,"['vezels', 'zakjes', 'betere', 'drinken', 'volcolon', 'stoelgang', 'recept', 'gebruik', 'extra', 'doorsturen']","['deze vezels gebruik ik al', 'Ik gebruik de vezels sinds 2014, dus die heb ik al iedere dag.', 'De vezels doen niets.']",107,medical,"Topic 107: fibers, sachets, better, drinking"
108,52,108_picoprep_moviprep_voorbereiding_opgehaald,"['picoprep', 'moviprep', 'voorbereiding', 'opgehaald', 'recept', 'apotheek', 'zakjes', 'tabletjes', 'beginnen', 'bisacodyl']","['Ik was bij de apotheek maar jullie hadden me geen picoprep voorgeschreven maar een andere.', 'Krijg ik weer picoprep?', 'Ik heb nog een vraag over de picoprep.']",108,medical,"Topic 108: Picoprep, Moviprep, preparation, collected"
109,51,109_risicogroep_risico_val_behoor,"['risicogroep', 'risico', 'val', 'behoor', 'groep', 'maatregelen', 'loop', 'bso', 'bepaalde', 'groot']","['Ik maak me een beetje zorgen omdat ik onder de risicogroep val door mijn medicatie.', 'Val ik ook onder de risicogroep die nu geprikt wordt?', 'Of val ik niet meer onder de risicogroep.']",109,medical,"Topic 109: risk group, risk, fall, belong"
110,51,110_stelara_sterlara_injectie_stellara,"['stelara', 'sterlara', 'injectie', 'stellara', 'stelera', 'ziekteactiviteit', 'infuus', 'volgende', 'verpleegkundige', 'aankomende']","['Een week geleden op 11 februari heb ik nog de stelara spuit gehad.', 'Hoe zit dit bij Stelara.', 'Ik heb 3 weken geleden voor de tweede keer stelara gekregen.']",110,medical,"Topic 110: Stelara, Sterlara, injection, Stellara"
111,48,111_budenofalk_budesonide_stoppen_bijsluiter,"['budenofalk', 'budesonide', 'stoppen', 'bijsluiter', 'day', 'netjes', 'continue', 'afbouwen', 'locatie', 'geslikt']","['Budenofalk gebruik ik 1x daags.', 'Hallo [PERSOON],  Wanneer mag ik stoppen met de Budenofalk?', 'Hij zou een recept voor de Budenofalk [LOCATIE] sturen naar mijn apotheek.']",111,medical,"Topic 111: Budenofalk, budesonide, stopping, leaflet"
112,48,112_infusiecentrum_infusie_infusen_zeiden,"['infusiecentrum', 'infusie', 'infusen', 'zeiden', 'gecombineerd', 'vervroegde', 'centrum', 'herstelzorg', 'afspraken', 'raadzaam']","['Hallo Gisteren ben ik bij het infusiecentrum geweest.', 'Dit heb ik bij het infusiecentrum laten doen.', 'De afspraak bij het infusiecentrum is om 13:00.']",112,medical,"Topic 112: infusion center, infusion, infusions, said"
113,47,113_salofalk_stix_granu_mesalazine,"['salofalk', 'stix', 'granu', 'mesalazine', 'granulaat', 'betreft', 'vervolgrecept', 'herhaalrecept', 'aanvragen', 'alk']","['Betreft salofalk granu-stix 3g.', 'Betreft salofalk granu-stix 3mg.', 'Ik heb Salofalk 1000m Granu-Stix.']",113,medical,"Topic 113: Salofalk, stix, granules, mesalazine"
114,47,114_questran_cholestagel_nieuw_recept,"['questran', 'cholestagel', 'nieuw', 'recept', 'zorginstelling', 'voorradig', 'gewone', 'goedemorgen', 'suikervrije', 'leverbaar']","['Goedemorgen ik had graag een nieuw recept van questran .', 'Goedemorgen, ik had graag een nieuw recept voor questran .', 'Goedemorgen, zou u mij weer een nieuw recept kunnen maken voor de Questran ?']",114,medical,"Topic 114: Questran, Cholestagel, new, prescription"
115,47,115_aambeien_aambei_inwendige_vagina,"['aambeien', 'aambei', 'inwendige', 'vagina', 'dacht', 'aambeienzalf', 'twijfel', 'parten', 'komt', 'knobbels']","['Heb ook al 2 maanden last van aambeien.', 'Wel een keer of twee wat bloed maar volgens mij is dat van aambeien.', 'ik heb last van aambeien.']",115,medical,"Topic 115: hemorrhoids, hemorrhoid, internal, vagina"
116,45,116_psycholoog_psychiatrie_maatschappelijk_leren,"['psycholoog', 'psychiatrie', 'maatschappelijk', 'leren', 'medisch', 'praten', 'behandeling', 'accepteren', 'doorverwijzen', 'behandelaar']","['Hoi [PERSOON],  Heb je enig idee wanneer ik terecht zou kunnen bij de psycholoog?', '[PERSOON] zei dat ze ook nog even contact zou opnemen met de psycholoog.', '[PERSOON],  Ik ben enige tijd onder behandeling bij een psycholoog voor een burnout.']",116,medical,"Topic 116: psychologist, psychiatry, social work, learning"
117,44,117_diaree_waterdunne_azitromycine_waterige,"['diaree', 'waterdunne', 'azitromycine', 'waterige', 'cholesterol', 'krampen', 'hele', 'neemt', 'vanmorgen', 'rijst']","['Maar ik heb vanaf dinsdag diaree gekregen en die gaat maar niet over.', 'Op 1/8, een dag na een restaurantbezoek had ik diaree.', 'Maar wel nog steeds diaree.']",117,medical,"Topic 117: diarrhea, watery, azithromycin, watery"
118,38,118_entocort_afbouwen_capsules_gestart,"['entocort', 'afbouwen', 'capsules', 'gestart', 'stoppen', 'darm', 'bijsluiter', 'lees', 'kindervakantiewerk', 'doorgelezen']","['De laatste medicatie is entocort  3mg.', 'Zou de Entocort daar toch iets moeten doen?', 'Zo niet, kan ik dan weer met de entocort omhoog?']",118,medical,"Topic 118: Entocort, tapering, capsules, started"
119,38,119_haaruitval_haren_kale_hoofdhuid,"['haaruitval', 'haren', 'kale', 'hoofdhuid', 'uitvallen', 'haarzakjes', 'kapper', 'hoofd', 'jeuk', 'dunner']","['Tevens heb ik de laatste paar maanden erg last van haaruitval en afbrekend haar.', 'Ik heb wel wat meer haaruitval dan normaal.', 'Met m’n haaruitval gaat het nog niet beter.']",119,medical,"Topic 119: hair loss, hair, bald, scalp"
