Topic,Count,Name,Representation,Representative_Docs,Rank
13,3130,13_vriendelijke_groet_groeten_groetjes,"['vriendelijke', 'groet', 'groeten', 'groetjes', 'geb', 'vriendelijk', 'hartelijke', 'gebdatum', 'datum', 'groetend']","['Met vriendelijke groet,    .', 'Met vriendelijke Groet,   ', 'Met vriendelijke groet,      ']",1
0,2997,0_bloed_prikken_ontlasting_bloedprikken,"['bloed', 'prikken', 'ontlasting', 'bloedprikken', 'laten', 'bloeduitslagen', 'ingeleverd', 'geprikt', 'inleveren', 'slijm']","['Maar moet ik dan weer bloed laten prikken?', 'Bloed laten prikken op 1 of   in het  .', 'Ik heb 19 november voor het laatst mijn bloed laten prikken.']",2
1,1633,1_huisarts_arts_dokter_ziekenhuis,"['huisarts', 'arts', 'dokter', 'ziekenhuis', 'mdl', 'verpleegkundige', 'contact', 'afspraak', 'medische', 'behandeling']","['Ik heb de huisarts geraadpleegd.', 'Ik ben afgelopen vrijdag weer bij de huisarts geweest.', 'Zou ik naar de huisarts moeten?']",3
98,1330,98_groetjes_groeten_hallo_will,"['groetjes', 'groeten', 'hallo', 'will', 'vriendelijke', 'groet', 'geachte', 'hoi', 'afwachting', 'avond']","[':-) Groetjes, ', 'groetjes  .', 'Groetjes,  ,']",4
2,1085,2_apotheek_recept_sturen_faxen,"['apotheek', 'recept', 'sturen', 'faxen', 'nieuw', 'bestellen', 'ophalen', 'doorsturen', 'medicijnen', 'herhaalrecept']","['Graag het recept naar apotheek  .', 'Recept mag naar apotheek   ( ).', 'Het recept mag naar apotheek  .']",5
3,1074,3_medicatie_medicijn_medicijnen_bijwerkingen,"['medicatie', 'medicijn', 'medicijnen', 'bijwerkingen', 'gebruik', 'zetpillen', 'stoppen', 'gebruiken', 'bijwerking', 'dosering']","['Zou dit iets met medicatie te maken kunnen hebben?', 'Kan dit met de medicatie te maken hebben?', 'Ik vroeg me af of dit met de medicatie te maken heeft?']",6
10,706,10_vind_echt_gaat_helaas,"['vind', 'echt', 'gaat', 'helaas', 'vervelend', 'helemaal', 'mis', 'goed', 'moedeloos', 'absoluut']","['Er gaat e.e.a. niet goed.', 'Ik kan zeggen dat het mini stapjes vooruit gaat maar echt niet dat het goed met me gaat.', 'Het gaat inderdaad niet goed, helemaal niet zelfs.']",7
8,705,8_daags_tabletten_tablet_dgs,"['daags', 'tabletten', 'tablet', 'dgs', 'prednisolon', 'prednison', 'omeprazol', 'gebruik', 'azathioprine', 'gram']","['Mezavant gebruik ik 3x daags 2 tabletten.', 'ik sik nu 1 x daags 3 tabletten van 3 mg. Met vriendelijke groet,    ', 'Op het recept staat nog steeds 1 x daags 2 tabletten ipv 1 x daags 3 tabletten.']",8
6,670,6_pijn_gewrichten_benen_rug,"['pijn', 'gewrichten', 'benen', 'rug', 'pijnlijk', 'last', 'handen', 'onderbuik', 'pijnlijke', 'linker']","['Geen pijn meer in.', 'Ik heb omzettend veel pijn gehad.', 'Zijn hier andere pijn stilling voor ?']",9
19,645,19_dun_ontlasting_komt_waterig,"['dun', 'ontlasting', 'komt', 'waterig', 'soms', 'ontsteking', 'lucht', 'blijft', 'hard', 'stukjes']","['De ontlasting is ook dun!', 'De ontlasting is daarbei ook nog erg.dun.', 'De ontlasting was ook heel dun.']",10
51,612,51_buik_buikpijn_darmen_darm,"['buik', 'buikpijn', 'darmen', 'darm', 'pijn', 'maag', 'gevoel', 'buikkrampen', 'eten', 'dikke']","['Ik heb veel pijn in mijn buik.', 'Wel nog buikpijn.', 'Af en toe nog wat buikpijn.']",11
57,585,57_mvrgr_groet_hum_vrgr,"['mvrgr', 'groet', 'hum', 'vrgr', 'grt', 'bvd', 'beckers', 'alvast', 'dankjewel', 'bedankt']","['Groet ,  ', 'Gr   groet,  ', 'Groet wil  ']",12
4,583,4_test_thuistest_testen_gedaan,"['test', 'thuistest', 'testen', 'gedaan', 'zelftest', 'thuis', 'thuistesten', 'ontlastingtest', 'uitvoeren', 'nieuwe']","['Zal de test doen.', 'Wanneer moet ik z’n test doen?', 'Of moet ik de zelf test doen?']",13
37,546,37_huis_buisje_potje_thuis,"['huis', 'buisje', 'potje', 'thuis', 'voorraad', 'liggen', 'zakjes', 'gebruikt', 'klysmas', 'inleveren']","['Hebben wij al in huis.', 'Ik heb nog vezelszakjes thuis liggen.', 'Ik heb nog dat thuis liggen.']",14
5,536,5_toilet_vaker_keer_rennen,"['toilet', 'vaker', 'keer', 'rennen', 'slijm', 'toiletbezoek', 'gaan', 'gemiddeld', 'zit', 'hoef']","['Kan wel iedere dag naar de toilet.', 'Ik ga weer iets minder naar het toilet.', ""Ga zo'n 4 - 6x per dag naar het toilet.""]",15
11,523,11_prima_goed_blij_fijn,"['prima', 'goed', 'blij', 'fijn', 'nieuws', 'gelukkig', 'orde', 'gaat', 'tevreden', 'fantastisch']","['Ja,   is prima!', 'Verder gaat alles prima.', 'Beste  ,  Alles gaat prima.']",16
34,511,34_afspraak_staan_gepland_verzetten,"['afspraak', 'staan', 'gepland', 'verzetten', 'staat', 'datum', 'aanstaande', 'gemaakt', 'telefonische', 'opstaan']","['Kan ik al een afspraak maken voor januari 2018?', 'Op 26 januari heb ik een afspraak bij  .', 'Ik heb op 20 mei een afspraak met  .']",17
7,510,7_calprotectine_calpro_thuistest_waarde,"['calprotectine', 'calpro', 'thuistest', 'waarde', 'test', 'uitslag', 'bekend', 'gedaan', 'gemeten', 'meten']","['En de  Calprotectine.', 'Is dat calprotectine?', 'Calprotectine was 48.']",18
12,496,12_moe_vermoeidheid_slaap_slapen,"['moe', 'vermoeidheid', 'slaap', 'slapen', 'vermoeid', 'wakker', 'energie', 'bed', 'nachten', 'nacht']","['Ik was ook heel moe.', 'Heel erg vermoeid, veel slapen.', 'Ik ben dan ook vaak moe.']",19
46,485,46_proberen_zsm_meld_prima,"['proberen', 'zsm', 'meld', 'prima', 'oke', 'verschijnen', 'ophalen', 'dankjewel', 'meteen', 'mee']","['Zal het zsm doen.', 'Ik zal zsm opnieuw laten prikken.', 'Dat is goed, ik zal ze zsm gaan ophalen.']",20
16,479,16_recept_nieuw_herhaalrecept_questran,"['recept', 'nieuw', 'herhaalrecept', 'questran', 'uitschrijven', 'herhaal', 'recepten', 'salofalk', 'sturen', 'krijgen']","['Kunnen jullie een recept voor mij maken?', 'Het recept mag naar    .', 'Het recept mag naar   .']",21
33,473,33_hoor_graag_hoop_groetjes,"['hoor', 'graag', 'hoop', 'groetjes', 'horen', 'vriendelijke', 'groet', 'groeten', 'hoogte', 'alvast']","['Hoor graag van jullie  ', 'Ik hoor graag,   ', 'Ik hoor het graag van jullie.']",22
9,473,9_humira_spuit_spuiten_zetten,"['humira', 'spuit', 'spuiten', 'zetten', 'injectie', 'gebruik', 'gespoten', 'prik', 'injecties', 'gestart']","['Beste 11 dagen geleden eerste keer Humira.', 'Minder dan zonder Humira.', 'Kan dit te maken hebben met de Humira?']",23
39,460,39_afspraak_plannen_inplannen_nieuwe,"['afspraak', 'plannen', 'inplannen', 'nieuwe', 'gepland', 'gemaakt', 'afspraken', 'termijn', 'ingepland', 'verzetten']","['Kan ik een afspraak maken bij  ', 'Ben jij er dan ook bij of is de afspraak alleen met   ?', 'Of moet de afspraak volgens jullie toch eerder?']",24
23,460,23_morgen_bereikbaar_vandaag_vanmiddag,"['morgen', 'bereikbaar', 'vandaag', 'vanmiddag', 'ochtend', 'werk', 'ophalen', 'middag', 'hele', 'kom']","['Dit zal ik morgen doen gr  ', 'Ik moet morgen in   zijn.', 'Daar moet ik toch zijn morgen.']",25
24,450,24_uitslagen_uitslag_bekend_resultaten,"['uitslagen', 'uitslag', 'bekend', 'resultaten', 'hiervan', 'benieuwd', 'weten', 'daarvan', 'resultaat', 'hoor']","['Is er al bekend de uitslagen Groethes', 'Zijn deze uitslagen al bekend ?', 'Ik vroeg me af of de uitslagen hiervan al bekend waren?']",26
85,440,85_bespreken_overleggen_gesprek_overleg,"['bespreken', 'overleggen', 'gesprek', 'overleg', 'graag', 'poliafspraak', 'belafspraak', 'besproken', 'voorstel', 'kijken']","['Graag wil ik bespreken hoe verder.', 'Ik zou dit graag nog eens bespreken.', 'Wil ik ook graag even verder bespreken.']",27
151,426,151_wilde_weten_doorgeven_dacht,"['wilde', 'weten', 'doorgeven', 'dacht', 'melden', 'voldoende', 'laat', 'vandaar', 'genformeerd', 'hoogte']","['Dat wilde ik jullie even doorgeven.', 'Ik wilde dit e en doorgeven.', 'Wilde je dat even laten weten.']",28
54,422,54_apotheek_naam_meerssen_service,"['apotheek', 'naam', 'meerssen', 'service', 'margraten', 'derrein', 'genoteerd', 'kollar', 'liefs', 'gasthuis']","['Apotheek de     in  ?', '     Apotheek    .', 'De naam van mijn Apotheek is Apotheek  .']",29
62,417,62_doorgaan_stoppen_mee_verstandig,"['doorgaan', 'stoppen', 'mee', 'verstandig', 'hiermee', 'rekening', 'bedoeling', 'blijven', 'gebruiken', 'vraag']","['Dit mag gewoon doorgaan?', 'Kan dat doorgaan?.', 'Moet ik hier nog mee doorgaan nu ik het infuus heb gehad?']",30
53,403,53_buikpijn_buik_last_darmen,"['buikpijn', 'buik', 'last', 'darmen', 'pijn', 'maag', 'krampen', 'buikkrampen', 'flinke', 'onderbuik']","['Ik heb afgelopen week veel buikpijn gehad.', 'Ik had de laatste weken veel last van buikpijn.', 'De afgelopen week heb ik steeds meer last van buikpijn.']",31
32,394,32_injectie_injecties_spuit_spuiten,"['injectie', 'injecties', 'spuit', 'spuiten', 'infusen', 'stelara', 'ustekinumab', 'zetten', 'infuus', 'infliximab']","[' , Ik heb inmiddels een afspraak voor de injectie as vrijdag.', 'Zal ik het dan over 2 weken doen voor de injectie.', 'Heb 18 april de 2e injectie gehad.']",32
21,386,21_darmonderzoek_darm_colonscopie_darmkanker,"['darmonderzoek', 'darm', 'colonscopie', 'darmkanker', 'bevolkingsonderzoek', 'darmen', 'maagonderzoek', 'gastroscopie', 'onderzoek', 'gepland']","['Beste,   Afgelopen vrijdag heb ik een darmonderzoek gehad.', 'Ook al heb ik dan het darmonderzoek nog niet gehad?', '9 september heb ik een darmonderzoek.']",33
14,383,14_vitamine_ijzer_ijzerinfuus_ijzergehalte,"['vitamine', 'ijzer', 'ijzerinfuus', 'ijzergehalte', 'foliumzuur', 'laag', 'vit', 'magnesium', 'tekort', 'vitamines']","['De vitamine B12 die ook geprikt was, was 220.', 'vitamine B12 in (25 ug).', 'Is het tevens mogelijk om dan ook nog eens vitamine b12 en ijzer te laten prikken?']",34
30,378,30_infuus_duurt_periode_alweer,"['infuus', 'duurt', 'periode', 'alweer', 'lang', 'minuten', 'zon', 'schema', 'duurde', 'zitten']","['laatste infuus is alweer een paar weken geleden.', 'Het 6e infuus stond geplend voor 6 april  (dus een maand na het vorige infuus) maar die datum heb ik laten verplaatsen naar 22 april (7 1/2 week na vorige infuus) omdat 1 maand na het laatste infuus mij te snel leek en omdat die datum slecht uitkwam.', 'Is het dan een probleem om de infuus dan met een tussen periode van 7 weken te nemen, anders worden het 10 weken er tussen.']",35
17,378,17_snelle_reactie_dank_bedankt,"['snelle', 'reactie', 'dank', 'bedankt', 'antwoord', 'dankjewel', 'snel', 'reageren', 'hartelijk', 'handelen']","['Bedankt voor jullie snelle reactie.', 'Bedankt voor de snelle reactie.', 'Heel erg bedankt voor de snelle reactie.']",36
18,373,18_klachten_verergerd_erger_verergeren,"['klachten', 'verergerd', 'erger', 'verergeren', 'toenemen', 'dezelfde', 'toegenomen', 'verminderd', 'contact', 'verminderen']","['Ik heb toch nog steeds veel klachten.', 'Ik heb ook klachten.', 'Alle klachten zijn iedere dag weer anders maar ze zijn er wel.']",37
22,366,22_gehoord_ontvangen_heden_vernomen,"['gehoord', 'ontvangen', 'heden', 'vernomen', 'helaas', 'brief', 'gekregen', 'potje', 'mail', 'post']","['Tot op heden heb ik hier nog niets over gehoord.', 'Tot op heden heb ik niks gehoord.', 'Helaas heb ik nog niks ontvangen of gehoord.']",38
55,360,55_brief_mail_post_email,"['brief', 'mail', 'post', 'email', 'bericht', 'mailtje', 'sturen', 'ontvangen', 'verzonden', 'gestuurd']","['Dus als dat zo is zou ik dan zo’n brief kunnen ontvangen?', 'Hallo,  Ik heb de brief m.tb.t.', ' ,   Deze brief heb ik.']",39
80,350,80_dank_alvast_bedankt_dankjewel,"['dank', 'alvast', 'bedankt', 'dankjewel', 'hartelijk', 'mvg', 'siao', 'hartstikke', 'voorbaat', 'vriendelijk']","['Alvast dank weer,   ', 'Alvast dank   ', 'Alvast dank,   ']",40
26,346,26_voel_klachten_rustig_goed,"['voel', 'klachten', 'rustig', 'goed', 'prima', 'probleem', 'gelukkig', 'last', 'gaat', 'rustiger']","['Ik voel mij verder goed en heb geen klachten.', ' ,  Ik heb geen klachten, voel me verder goed!', 'Verder voel ik me nog steeds goed en heb ik geen andere klachten.']",41
27,344,27_diarree_diaree_slijm_buikpijn,"['diarree', 'diaree', 'slijm', 'buikpijn', 'water', 'misselijk', 'ontlasting', 'krampen', 'last', 'dunne']","['Ik ga nu de elfde dag met onverminderde diarree in; ik ben nu ca.', 'En heb nog diarree.', 'Af en toe heb ik ook wat diarree.']",42
44,339,44_formulieren_formulier_toestemmingsformulier_toesturen,"['formulieren', 'formulier', 'toestemmingsformulier', 'toesturen', 'papieren', 'opsturen', 'potje', 'sturen', 'prikformulieren', 'ingevuld']","['Zo ja, zou u mij die formulieren dan kunnen sturen?', 'Ik heb hiervoor echter een formulier nodig en mijn vraag is nu of het mogelijk is mij zo een formulier toe te sturen?', 'Zouden jullie mij hiervoor een formulier kunnen toesturen?']",43
15,338,15_vaccinatie_vaccin_vaccinaties_covid,"['vaccinatie', 'vaccin', 'vaccinaties', 'covid', 'vaccineren', 'gevaccineerd', 'antistoffen', 'astrazeneca', 'pfizer', 'mensen']","['Zaterdag krijg ik mijn vaccinatie met Astra Zenica.', 'het vaccin van  ?', 'Dan ga ik de vaccinatie afspraak maken.']",44
31,336,31_fijne_goedemorgen_goedemiddag_goede,"['fijne', 'goedemorgen', 'goedemiddag', 'goede', 'bedankt', 'dank', 'goedendag', 'gewenst', 'dames', 'middag']","['Doe Ik, Fijne dag verder!', 'Dank u!Fijne dag, ', 'Bedankt en fijne dag']",45
43,332,43_volgende_komende_vorige_weekje,"['volgende', 'komende', 'vorige', 'weekje', 'infuus', 'begin', 'uitstellen', 'ingeleverd', 'geluk', 'erna']","['Ik zou volgende week maandag alles kunnen inleveren.', 'Ben zelf geneigd om de volgende spuit gewoon volgende week weer te zetten.', 'dan is het beste volgende week.']",46
38,328,38_vraag_vragen_vraagje_vraagjes,"['vraag', 'vragen', 'vraagje', 'vraagjes', 'antwoord', 'navragen', 'benieuwd', 'nieuwsgierig', 'aantal', 'hallo']","['Welnu wat is de vraag?', 'Verder heb ik nog een andere vraag.', 'Ik heb wel nog een vraag.']",47
106,327,106_gisteren_vanmorgen_vanochtend_ochtend,"['gisteren', 'vanmorgen', 'vanochtend', 'ochtend', 'vandaag', 'gister', 'begonnen', 'gisteravond', 'echo', 'gespoten']","['Vanmorgen had ik ontlasting.', 'Dit heb ik al sinds gisteren.', 'Nu gisteren en vandaag ook weer.']",48
103,326,103_gebeld_telefonisch_contact_telefonische,"['gebeld', 'telefonisch', 'contact', 'telefonische', 'vandaag', 'bellen', 'morgen', 'gisteren', 'terugbellen', 'vorige']","['Goedemiddag, Gisteren had ik een telefonische afspraak met  .', 'Beste  / , Vandaag ben ik gebeld door  .', 'Beste, Ik zou gisteren gebeld worden door  .']",49
29,324,29_vakantie_vertrek_nederland_terug,"['vakantie', 'vertrek', 'nederland', 'terug', 'reizen', 'gaan', 'afrika', 'zuid', 'buitenland', 'weekend']","['Vanaf 17.07 ben ik op vakantie.', 'Ik ga wel op 29-7 op vakantie.', 'Ga over 14 dagen op vakantie.']",50
82,315,82_gepland_datum_scopie_infuus,"['gepland', 'datum', 'scopie', 'infuus', 'staat', 'geboortedatum', 'volgende', 'eind', 'begin', 'plaats']","['Donderdag 11 juni om 13:30 uur staat de scopie gepland.', 'Hoi  ,  De scopie staat gepland op 20 maart om 10.00.', 'Hoi  ,  De scopie staat gepland op donderdag 29 april.']",51
47,314,47_eten_eet_voeding_gegeten,"['eten', 'eet', 'voeding', 'gegeten', 'eetlust', 'voedsel', 'probeer', 'slik', 'producten', 'maaltijden']","['Sindsdien heb ik erg last van het eten van knoflook.', 'Wat mag ik wel/ niet eten?', 'Eten gaat nog redelijk goed, ik eet misschien iets minder.']",52
145,303,145_vergeten_gebeurd_gelukt_heden,"['vergeten', 'gebeurd', 'gelukt', 'heden', 'helaas', 'sorry', 'gekomen', 'verwacht', 'gehoord', 'bijlage']","['Dit is dus niet gebeurd?', 'Dit is tot op heden nog niet gelukt.', 'Dit is tot op heden nog steeds niet gebeurd.']",53
63,294,63_gebeld_gemist_helaas_gemiste,"['gebeld', 'gemist', 'helaas', 'gemiste', 'telefoontje', 'telefoon', 'oproep', 'nummer', 'sorry', 'bereikbaar']","['Hallo  ,  Wat fijn dat u mij heeft gebeld, helaas heb ik de oproep niet gehoord.', 'Beste  ,  Ik zie helaas geen gemiste oproep op mijn telefoon, wellicht is ergens iets mis gegaan.', 'Ja ik ben telefonisch bereikbaar sorry ik zag net pas de gemiste oproep   ik ben eventueel morgen hele dag bereikbaar']",54
50,290,50_wacht_wachten_afwachten_gaten,"['wacht', 'wachten', 'afwachten', 'gaten', 'lang', 'geduld', 'duurt', 'duren', 'hou', 'houd']","['Ik wacht het gewoon af.', 'Ik wacht dat maar gewoon even af.', 'Oké,dan wacht ik nog even af.']",55
20,284,20_poli_afspraak_polie_interne,"['poli', 'afspraak', 'polie', 'interne', 'bezoek', 'bellen', 'gebeld', 'telefonisch', 'komen', 'gesloten']","['Gewoon op de poli?', 'Maandag 5 maart op de poli.', 'Ik ben op dan op poli bij  .']",56
125,283,125_telefonisch_contact_bellen_telefoon,"['telefonisch', 'contact', 'bellen', 'telefoon', 'opnemen', 'hierover', 'bel', 'mogelijk', 'bereikbaar', 'spreken']","['Het zou fijn zijn even telefonisch contact met u te hebben.', 'Het zou erg fijn zijn telefonisch contact te hebben!', 'Anders moeten we nog even telefonisch contact op nemen gr  ']",57
28,282,28_zwangerschap_zwanger_bevallen_bevalling,"['zwangerschap', 'zwanger', 'bevallen', 'bevalling', 'borstvoeding', 'baby', 'miskraam', 'geboren', 'dochter', 'zoon']","['Dit mag gewoon tijdens de zwangerschap.', 'Dit had ik ook tijdens de zwangerschap.', 'Dit vanwege mijn zwangerschap.']",58
41,280,41_operatie_chirurg_chirurgie_coloscopie,"['operatie', 'chirurg', 'chirurgie', 'coloscopie', 'geopereerd', 'anesthesist', 'anesthesie', 'tofacitinib', 'plaatsvinden', 'opereren']","['Nu hoor ik net dat mijn operatie pas over 3 weken.', '  en   ivm een operatie.', 'Hoi   of   afgelopen maandag mijn operatie gehad.']",59
42,269,42_koorts_verkouden_verkoudheid_temperatuur,"['koorts', 'verkouden', 'verkoudheid', 'temperatuur', 'keelpijn', 'koude', 'graden', 'koud', 'rillingen', 'temp']","['Heb (nog) geen koorts.', 'Nu heb ik geen koorts meer.', 'Ik heb geen koorts.']",60
114,260,114_gestopt_opgelost_snel_vanzelf,"['gestopt', 'opgelost', 'snel', 'vanzelf', 'beclametason', 'stop', 'verdwenen', 'laatste', 'hopelijk', 'einde']","['Goedemorgen,  In het weekend is de gordelroos volledig uitgedroogd.', 'Maar zag na afloop pas dat de houdbaarheidsdatum ruim is verstreken ( ).', 'Beste  , De houdbaarheidsdatum van quantoncal is verlopen  .']",61
87,259,87_aanstaande_infuus_komende_vrijdagen,"['aanstaande', 'infuus', 'komende', 'vrijdagen', 'donderdagochtend', 'aankomende', 'haal', 'spreekuur', 'langs', 'volgende']","['Ik kom donderdag prikken en haal dan van tevoren de briefjes op.', 'Van aanstaande maandag.', 'Aanstaande Maandag mag ik mijn infuus weer halen.']",62
124,256,124_horen_fijn_nieuws_goed,"['horen', 'fijn', 'nieuws', 'goed', 'hoor', 'idee', 'klinkt', 'bedankt', 'gerust', 'hartelijk']","['Ok fijn om te horen.', 'Fijn om te horen.', 'Dat is fijn om te horen!']",63
48,253,48_advies_adviseren_tips_wijsheid,"['advies', 'adviseren', 'tips', 'wijsheid', 'graag', 'raad', 'aanraden', 'adviezen', 'voorstel', 'hiermee']","['Graag een advies.', 'Graag jullie advies?', 'Graag uw advies.']",64
71,253,71_dankjewel_dank_bedankt_oke,"['dankjewel', 'dank', 'bedankt', 'oke', 'fijn', 'top', 'super', 'prima', 'alvast', 'hartelijk']","['oke, bedankt alvast!', 'Hoi  ,  Oke dankjewel!', 'Oke dankjewel  ']",65
25,248,25_crohn_ziekte_verklaring_ontstekingen,"['crohn', 'ziekte', 'verklaring', 'ontstekingen', 'gerelateerd', 'ivm', 'combinatie', 'vraag', 'medicatie', 'gezegd']","['Beste  , In de afgelopen 24u is mijn Crohn opgevlamd.', 'Zou het kunnen dat dit te maken heeft met Crohn?', 'Zou het van de Crohn kunnen zijn.']",66
78,246,78_uitslag_bekend_uitslagen_ontlasting,"['uitslag', 'bekend', 'uitslagen', 'ontlasting', 'hallo', 'informeren', 'resultaten', 'goedemorgen', 'ingeleverd', 'vragen']","['Hallo   en  , Is er al iets bekend over de uitslag van ontlasting?', 'Hallo, is de uitslag van de ontlasting al bekend?', 'Hallo, is de uitslag van mijn ontlasting al bekend?']",67
152,242,152_voel_slecht_echt_voelde,"['voel', 'slecht', 'echt', 'voelde', 'lekker', 'ziek', 'goed', 'totaal', 'misselijk', 'radeloos']","['Ik voel me echt niet goed.', 'voel me echt niet goed.', 'Ik weet niet meer wat er kan maar ik voel me echt slecht.']",68
59,240,59_antwoord_dank_bedankt_hartelijk,"['antwoord', 'dank', 'bedankt', 'hartelijk', 'bericht', 'beste', 'reactie', 'uitleg', 'alvast', 'advies']","['Met dank voor uw antwoord.', 'Dank voor het antwoord .', 'Dank u voor uw antwoord.']",69
60,239,60_keel_mond_neus_keelpijn,"['keel', 'mond', 'neus', 'keelpijn', 'hoesten', 'last', 'oor', 'hoest', 'tong', 'ontstoken']","['veel last van zuurbranden, veel slijm in keel en gevoel van keel die dicht zit/ droge mond moeilijk slikken.', 'Beste  / ,  Ik heb al een paar dagen last van mijn keel.', 'Verder heb ik nog altijd heel veel last van slijm in mijn keel, droge mond en het gevoel dat mijn keel is opgezet.']",70
56,237,56_onderzoek_onderzoeken_studie_bevolkingsonderzoek,"['onderzoek', 'onderzoeken', 'studie', 'bevolkingsonderzoek', 'meedoen', 'gegevens', 'mee', 'genteresseerd', 'ontlastingsonderzoek', 'toestemming']","['Zelf zou ik graag een onderzoek willen en welke maakt mij niet uit.', 'Wat heeft dit onderzoek uitgewezen?', 'Zou graag mijn bijdrage aan dit onderzoek willen doen.']",71
68,229,68_bellen_nummer_bereikbaar_bereiken,"['bellen', 'nummer', 'bereikbaar', 'bereiken', 'telefonisch', 'telefoonnummer', 'opnemen', 'contact', 'indien', 'gebeld']","['Zou mij iemand over kunnen bellen ?', 'Jullie kunnen me gewoon bellen.', 'Zouden jullie mij kunnen bellen op  .']",72
116,226,116_hartelijk_bedankt_alvast_voorbaat,"['hartelijk', 'bedankt', 'alvast', 'voorbaat', 'dank', 'hartstikke', 'vriendelijk', 'dankje', 'nogmaals', 'dankjewel']","['Alvast weer heel erg bedankt.', 'Alvast hartelijk dank.', 'Alvast hartelijk bedankt.']",73
69,225,69_darmen_buikpijn_rustig_darm,"['darmen', 'buikpijn', 'rustig', 'darm', 'buik', 'rustiger', 'voel', 'gelukkig', 'last', 'dikke']","['Om even zeker te zijn dat alles nog rustig is in mijn darmen.', 'Verder met mijn darmen gaat het wel goed.', 'De afgelopen dagen gaat het weer goed met mijn darmen.']",74
72,222,72_keer_maal_daags_gemiddeld,"['keer', 'maal', 'daags', 'gemiddeld', 'normaal', 'soms', 'ontlasting', 'dagelijks', 'volle', 'gebruik']","['Ik heb nu nog 5-6 keer per dag ontlasting, tegen 25 a 30 keer een week geleden.', 'Ik heb tussen de 1 en 2 keer ontlasting per dag.', 'Ik heb nu ongeveer 6 keer ontlasting per dag.']",75
35,220,35_antibiotica_kuur_antibioticakuur_bacterie,"['antibiotica', 'kuur', 'antibioticakuur', 'bacterie', 'probiotica', 'antibioticum', 'infectie', 'voorgeschreven', 'gekregen', 'blaasontsteking']","['Hoi  ,  ik ben bij de huisarts geweest en heb een antibiotica kuur van 5 dagen gekregen.', 'Nee geen antibiotica kuur gehad.', 'Ik heb antibiotica gekregen.']",76
40,217,40_gebeld_bellen_vragen_belt,"['gebeld', 'bellen', 'vragen', 'belt', 'gesprek', 'uwv', 'naam', 'bespreken', 'persoonlijk', 'gaf']","['Zij heeft mij toen niet gebeld.', 'Zij zou me hier een aantal weken geleden ook over bellen maar heeft mij helaas nooit gebeld.', 'ze zou mij daar donderdag voor terug bellen maar ik ben niet gebeld.']",77
97,214,97_spuit_spuiten_vloeistof_zetten,"['spuit', 'spuiten', 'vloeistof', 'zetten', 'gezet', 'infuus', 'leveren', 'hyrimoz', 'stoppen', 'naald']","['Wanneer de spuit geplaatst wordt volgens de instructies doen ze niet altijd de vloeistof (helemaal) spuiten wanneer ik hem zet, maar spuiten ze (de rest) wanneer ik hem weghaal van mijn been.', 'Of kan ik mijn spuit beter eerder of later zetten?', 'Aangezien het ook een spuit is.']",78
99,213,99_akkoord_duidelijk_klopt_snap,"['akkoord', 'duidelijk', 'klopt', 'snap', 'toestemming', 'helemaal', 'geef', 'okay', 'uiteraard', 'beste']","['Mocht u akkoord gaan.', 'Dat was akkoord.', 'Hoi  ,  Helemaal akkoord, vooral omdat het een terugkerend iets is.']",79
88,207,88_beter_gaat_verbetering_gelukkig,"['beter', 'gaat', 'verbetering', 'gelukkig', 'verschil', 'hoop', 'veranderd', 'stuk', 'update', 'verbeterd']","['Gaat nu ook inderdaad wat beter.', 'Verder gaat het wel weer wat beter.', 'Het gaat nu wat beter.']",80
77,202,77_sturen_opsturen_toesturen_helpen,"['sturen', 'opsturen', 'toesturen', 'helpen', 'verstuurd', 'nakijken', 'opgestuurd', 'post', 'doorgeven', 'aub']","['Kunnen jullie me deze weer sturen?', 'Zouden jullie het opnieuw kunnen sturen?', 'Zou je me er weer een paar op kunnen sturen?']",81
36,202,36_mri_scan_mriscan_uitslag,"['mri', 'scan', 'mriscan', 'uitslag', 'gemaakt', 'scans', 'dunne', 'bespreken', 'gepland', 'ingepland']","['Hallo  /   Ik heb op 8 april a.s een MRI scan.', 'Hallo,   agelopen zaterdag   ben ik voor de MRI scan geweest!', 'Uitslag mri scan.']",82
45,200,45_pentasa_pentaza_zetpillen_recept,"['pentasa', 'pentaza', 'zetpillen', 'recept', 'granulaat', 'gram', 'korrels', 'herhaalrecept', 'metoject', 'nieuw']","['Graag had ik weer een nieuw herhaar recept Pentasa 2gr  ', 'Pentasa granulated 2gr  ', 'Mag ik opnieuw een recept voor de pentasa  Met vriendelijke  ']",83
92,199,92_huid_gezicht_jeuk_plekken,"['huid', 'gezicht', 'jeuk', 'plekken', 'rode', 'droge', 'vlekken', 'acne', 'bultjes', 'blauwe']","['Hallo   en  ,  Momenteel heb ik weer last van mijn huid.', 'Verder heb ik een ontzettend droge huid gekregen vooral mijn gezicht en hals.', 'Daarnaast merk ik op dat ik op mijn huid wat uitslag heb en sinds kort rode vlekken in mijn gezicht begin te krijgen.']",84
101,199,101_werk_werken_thuis_werkgever,"['werk', 'werken', 'thuis', 'werkgever', 'baan', 'fulltime', 'onderwijs', 'uren', 'stage', 'woon']","['Beste,  Ik werk als BOA in de gemeente  , dus ben ik veel buiten.', 'Ben nu op mijn werk.', 'Wel ben ik weer meer aan het werk in mijn horecazaak.']",85
86,199,86_beter_voel_voelde_voelen,"['beter', 'voel', 'voelde', 'voelen', 'stuk', 'rust', 'verminderd', 'gaat', 'ging', 'gelukkig']","['Momenteel voel ik me ook zeker beter dan voorheen.', 'Voel me ook beter dan in maanden.', 'Ik voel me ook een stuk beter.']",86
123,196,123_alvast_bedankt_groetjes_dank,"['alvast', 'bedankt', 'groetjes', 'dank', 'dankjewel', 'groeten', 'groet', 'merci', 'spons', 'hartelijk']","['groetjes en alvast bedankt   ', 'Alvast bedankt en groetjes,  ', 'Alvast bedankt, groetjes  ']",87
94,195,94_mvg_mvrgr_geb_gebdatum,"['mvg', 'mvrgr', 'geb', 'gebdatum', 'mvgr', 'swinkels', 'gebdat', 'kollar', 'kim', 'granustix']","['mvg,    K.', 'Mvg,     ', 'Mvg,   ( )']",88
65,193,65_app_telefoon_code_gsm,"['app', 'telefoon', 'code', 'gsm', 'downloaden', 'ondersteund', 'scannen', 'iphone', 'competentiecentrum', 'inloggen']","['grtheb geen app op mijntelefoon  ', 'Kan dat in deze app?', 'App is inmiddels gedownload.']",89
61,192,61_apotheek_recept_ontvangen_vergeten,"['apotheek', 'recept', 'ontvangen', 'vergeten', 'zojuist', 'aangekomen', 'voorraad', 'hoi', 'zeggen', 'leverbaar']","['De apotheek heeft geen recept ontvangen.', 'Echter hebben ze bij de apotheek geen recept ontvangen.', 'Om 14.00 uur had de apotheek nog geen recept ontvangen.']",90
89,190,89_mogelijk_mogelijkheden_optie_proberen,"['mogelijk', 'mogelijkheden', 'optie', 'proberen', 'hoor', 'indien', 'graag', 'termijn', 'uiteraard', 'ver']","['Is dit mogelijk?', 'Zou dit mogelijk zijn?', 'Als dat mogelijk is?']",91
52,183,52_endoscopie_gepland_staat_afdeling,"['endoscopie', 'gepland', 'staat', 'afdeling', 'functieafdeling', 'plaatsvinden', 'datum', 'afspraak', 'ingepland', 'onderzoek']","['Op woensdag 11 maart heb ik in   een endoscopie gehad.', 'Ik heb 7 April een endoscopie gehad.', 'Op 19 juni heb ik een endoscopie gehad.']",92
76,180,76_griep_griepprik_buikgriep_griepspuit,"['griep', 'griepprik', 'buikgriep', 'griepspuit', 'ziek', 'griepklachten', 'longontsteking', 'jaarlijkse', 'griepverschijnselen', 'virus']","['Dan is het dus toch een buikgriep geweest.', 'In de week van 18 februari heb ik buikgriep gehad.', 'Afgelopen donderdag heb ik de buikgriep gehad.']",93
70,180,70_ibd_ibdcoach_team_sessie,"['ibd', 'ibdcoach', 'team', 'sessie', 'periodieke', 'goede', 'ontvang', 'bericht', 'beste', 'sep']","['Laten jullie me de uitslag via Ibd coach weten?', 'Mag via de IBD-coach.', 'Hallo IBD Coach, ik heb op 18 oktober j.l.']",94
115,178,115_weet_kanmoet_beste_ondernemen,"['weet', 'kanmoet', 'beste', 'ondernemen', 'stappen', 'mee', 'actie', 'aandoen', 'vertellen', 'boumans']","['Nu is mijn vraag wat ik het beste kan doen.', 'What shall I do?', 'Wat kan ik hier het beste aandoen.']",95
110,177,110_weet_idee_begrijp_wist,"['weet', 'idee', 'begrijp', 'wist', 'verwarrend', 'snap', 'duidelijk', 'onduidelijk', 'terugvinden', 'verkeerd']","['Ik weet het gewoon niet meer.', 'Ik weet nergens van.', 'Verder weet ik ook niks.']",96
49,176,49_dermatoloog_dermatologie_haaruitval_doorverwijzing,"['dermatoloog', 'dermatologie', 'haaruitval', 'doorverwijzing', 'verwijzing', 'huid', 'oogarts', 'verwijsbrief', 'kale', 'doorverwezen']","['Kan ik daar ook mee naar de dermatoloog?', 'Of naar de dermatoloog.', 'Morgen ga ik wederom naar mijn dermatoloog!']",97
93,174,93_afspraak_uitnodiging_afspraken_ontvangen,"['afspraak', 'uitnodiging', 'afspraken', 'ontvangen', 'gemaakt', 'sessie', 'gepland', 'staan', 'nieuwe', 'potje']","['Ik heb nog steeds geen afspraak ontvangen.', 'er staan momenteel geen afspraken gepland', 'Hallo,  Ik heb nog geen controle afspraak gepland staan.']",98
120,169,120_reactie_bedankt_dank_alvast,"['reactie', 'bedankt', 'dank', 'alvast', 'hartelijk', 'dankjewel', 'reacties', 'oke', 'voorbaat', 'reaktie']","['Dank voor je reactie', 'Dank voor je reactie.', 'Dank voor uw reactie.']",99
135,166,135_nov_gepland_dec_eind,"['nov', 'gepland', 'dec', 'eind', 'poliafspraak', 'datum', 'staat', 'begin', 'coloscopie', 'staan']","['Afspraak gepland bij   voor a.s. maandag 30 november.', 'Mijn 3de infuus staat gepland op 28 december.', 'Deze staat gepland voor woensdag 9 december om 14:50 uur.']",100
100,165,100_fax_faxnummer_hum_nummer,"['fax', 'faxnummer', 'hum', 'nummer', 'groet', 'tel', 'telefoonnummer', 'vriendelijke', 'hgl', 'telefoon']","['Apotheek gegevens:         telefoon   fax    Met vriendelijke groet,  ', 'Apotheek   fax:   mail:    groet,       ', '(fax nummer:  )   Met vriendelijke groeten,    ']",101
117,165,117_reden_oorzaak_vreemd_komt,"['reden', 'oorzaak', 'vreemd', 'komt', 'elkaar', 'uitleggen', 'mee', 'bijwerking', 'verklaring', 'idee']","['Wat kan hiervan de oorzaak zijn?', 'Of heeft dit een ander oorzaak?', 'Zou er een andere oorzaak zijn?']",102
96,161,96_zorgen_bang_ongerust_behoor,"['zorgen', 'bang', 'ongerust', 'behoor', 'risicogroep', 'begin', 'angst', 'onzekerheid', 'best', 'schrok']","['maar mij echter wel zorgen over mijzelf.', 'En maak me toch wel zorgen.', 'Ik maak me er wat zorgen over.']",103
130,161,130_zetpillen_heen_pillen_tabletten,"['zetpillen', 'heen', 'pillen', 'tabletten', 'medicijnen', 'thiosix', 'xeljanz', 'azathiopirine', 'gestopt', 'voorraad']","['Ik ben bijna door mijn tabletten heen.', 'Ik ben weer bijna door mijn voorraad Thiosix heen.', 'Ik ben bijna door mijn voorraad Thiosix heen.']",104
66,159,66_lab_biologicals_labformulieren_laboratorium,"['lab', 'biologicals', 'labformulieren', 'laboratorium', 'bureau', 'biological', 'labbriefjes', 'labformulier', 'formulieren', 'potje']","['Wel een lab 4 en lab 1 formulier.', 'Heb twee formulieren LAB 1 en LAB 4 maar weet niet welke het beste is.', 'Hallo  / ,  Hoe was mijn lab van afgelopen dinsdag?']",105
90,158,90_maanden_maand_jaar_maandelijks,"['maanden', 'maand', 'jaar', 'maandelijks', 'half', 'vragenlijst', 'maandelijkse', 'controle', 'ingevuld', 'vullen']","['Omdat het nu een maand verder is.', 'Zal dit deze maand doen!', 'Dit weer voor de afgelopen maand.']",106
58,155,58_gewicht_kilo_afgevallen_weeg,"['gewicht', 'kilo', 'afgevallen', 'weeg', 'afvallen', 'gewichtsverlies', 'eet', 'verliezen', 'kilos', 'weegt']","['Zo ben ik na ongeveer een jaar tien kilo afgevallen.', 'Ben nu al een paar kilo afgevallen.', 'Toen ben ik ook 3 kilo afgevallen.']",107
64,154,64_paracetamol_tramadol_helpt_pijn,"['paracetamol', 'tramadol', 'helpt', 'pijn', 'ibuprofen', 'onderdrukken', 'pijnstillers', 'gepakt', 'gebruik', 'slik']","['En is er, buiten paracetamol, iets tegen de pijn te doen?', 'mag ik paracetamol/ibubrofen?', '  iedere dag vier paracetamol van 500mg.']",108
121,152,121_mening_reactie_tegemoet_denken,"['mening', 'reactie', 'tegemoet', 'denken', 'graag', 'hoor', 'gaarne', 'hierover', 'bovenstaande', 'zie']","['Zie u reactie graag tegemoet.', 'Ik zie graag uw reactie tegemoet.', 'Ik zie graag jullie reactie tegemoet.']",109
131,151,131_informatie_info_weten_vertellen,"['informatie', 'info', 'weten', 'vertellen', 'informeren', 'ter', 'graag', 'bekend', 'hoogte', 'hierover']","['Zou u mij hier informatie over kunnen geven?', 'Dus bij deze  Heeft u meer informatie voor mij?', 'Zou ik hier iets meer informatie over kunnen krijgen?']",110
143,150,143_moeite_bedankt_hulp_dank,"['moeite', 'bedankt', 'hulp', 'dank', 'medewerking', 'alvast', 'terugkoppeling', 'dankjewel', 'nogmaals', 'hartelijk']","['Toch bedankt voor alle moeite.', 'Bedankt voor de moeite!', 'Toch bedankt voor de moeite.']",111
75,145,75_waardes_waarde_waarden_gemeten,"['waardes', 'waarde', 'waarden', 'gemeten', 'norm', 'goed', 'benieuwd', 'boosterprik', 'gedaald', 'allemaal']","['Zo ja, wat zijn daar de waardes van geweest?', 'Zo ja, wat zijn deze waardes?', 'Zijn deze waardes al binnen?']",112
126,145,126_thiosix_herhaalrecept_recept_nieuw,"['thiosix', 'herhaalrecept', 'recept', 'nieuw', 'apotheek', 'calcium', 'uitschrijven', 'pantoprazol', 'graag', 'kauwtabletten']","['Hallo, Kunnen jullie een nieuw recept naar mijn apotheek sturen voor de Thiosix 10 Mg.  Apotheek    .', 'Kunt u een herhaalrecept van de thiosix sturen naar de apotheek  ', 'Hoi,  Zouden jullie een nieuw recept thiosix naar de apotheek kunnen sturen?']",113
67,137,67_corona_positief_coronatest_getest,"['corona', 'positief', 'coronatest', 'getest', 'negatief', 'maatregelen', 'milde', 'ivm', 'test', 'ziek']","['Dus geen Corona.', 'Ergens in mei/juni heb ik Corona gehad.', 'Als ik corona had dan is de quarantainetijd 10 dagen.']",114
74,137,74_weekend_fijn_alvast_gewenst,"['weekend', 'fijn', 'alvast', 'gewenst', 'prettig', 'fijne', 'bedankt', 'groetjes', 'dank', 'wens']","['Fijn weekend   ', 'Fijn weekend,   ', 'Een fijn weekend!']",115
122,136,122_bericht_bedankt_dank_hoi,"['bericht', 'bedankt', 'dank', 'hoi', 'dankjewel', 'terugkoppeling', 'mail', 'hallo', 'berichtje', 'groetjes']","['Hallo, Bedankt voor het bericht.', 'Hallo, Bedankt voor uw bericht.', 'Hallo  , Bedankt voor het bericht.']",116
111,134,111_anus_endeldarm_vagina_perianaal,"['anus', 'endeldarm', 'vagina', 'perianaal', 'bult', 'ontsteking', 'gevoel', 'gebied', 'aambeien', 'abces']","['De jeuk in de anus is niet weg.', 'Dit zou ik namelijk wel willen gezien ook de pijn aan de anus.', 'Beste,  ik heb een vraag m.b.t. mijn anus.']",117
84,134,84_vriendelijke_groet_alvast_voorbaat,"['vriendelijke', 'groet', 'alvast', 'voorbaat', 'groeten', 'bedankt', 'dank', 'hartelijk', 'hartelijke', 'dankjewel']","['alvast bedankt , met vriendelijke groet,  ', 'Alvast bedankt, Met vriendelijke groet   ', 'Alvast bedankt,  Met vriendelijke groet,  ']",118
148,132,148_waarde_crp_verhoogd_hoog,"['waarde', 'crp', 'verhoogd', 'hoog', 'gestegen', 'waarden', 'percentage', 'verhoging', 'cijfers', 'intensief']","['(Volgens mij was deze vorige keer op verhoogd en toen was hij 193).', 'Ik heb enige tijd gelden ook bloed laten prikken, hierbij komt weer naar voren dat de ALAT waarde weer wat verhoogd waren.', 'Nu is de waarde wederom verhoogd naar 483.']",119
108,125,108_stress_vader_werk_rol,"['stress', 'vader', 'werk', 'rol', 'periode', 'moeder', 'stressvolle', 'moeilijk', 'druk', 'spanning']","['Hallo  ,  Ja ik weet ook dat het nu door de stress komt.', 'Ik ga er nog steeds vanuit dat het door de stress komt.', 'Ik heb de laatste tijd veel stress gehad en nog steeds wel.']",120
127,123,127_consult_telefonisch_telefonische_afspraak,"['consult', 'telefonisch', 'telefonische', 'afspraak', 'mogelijk', 'omzetten', 'omgezet', 'contact', 'inplannen', 'gesprek']","['Of wordt dit een telefonisch consult?', 'Mag ook een telefonisch consult zijn.', 'een telefonisch consult met  .']",121
142,123,142_hieraan_oplossen_hiermee_gegaan,"['hieraan', 'oplossen', 'hiermee', 'gegaan', 'mis', 'fout', 'probleem', 'eraan', 'belangrijker', 'oplossing']","['Wat hieraan te doen?', 'Als dat zo is wat kan ik of kunnen wij hieraan doen?', 'Wat kan ik hieraan doen ?']",122
102,121,102_sorry_excuses_late_ongemak,"['sorry', 'excuses', 'late', 'ongemak', 'overlast', 'jammer', 'vele', 'lastig', 'reactie', 'helaas']","['Sorry van de late reactie.', 'Sorry voor mijn late reactie.', ' ,  Sorry, late reactie.']",123
79,121,79_coronavirus_corona_virus_vaccinatie,"['coronavirus', 'corona', 'virus', 'vaccinatie', 'vaccin', 'besmetting', 'ivm', 'vraag', 'dichterbij', 'weerstand']","['het Corona virus.', 'Komt misschien door het coronavirus.', 'Hallo, ik heb een vraag over het coronavirus.']",124
133,120,133_purinethol_nieuw_recept_aanvragen,"['purinethol', 'nieuw', 'recept', 'aanvragen', 'bestellen', 'herhaalrecept', 'graag', 'allopurinol', 'voorraad', 'herhaal']","['Hallo,   Ik wil graag weer een nieuw recept voor purinethol aanvragen.', 'Hallo, Ik wil graag een nieuw recept aanvragen voor de purinethol.', 'Beste,  Graag zou ik een nieuw recept krijgen van purinethol.']",125
83,119,83_vedolizumab_vedoluzimab_infuus_remsima,"['vedolizumab', 'vedoluzimab', 'infuus', 'remsima', 'werking', 'staat', 'entyvio', 'geplend', 'ustekinumab', 'overstap']","['A.s. maandag krijg ik de 3e infuus van vedolizumab.', ' , Afgelopen dinsdag heb ik een infuus gehad van Vedolizumab.', 'woensdag heb ik weer een infuus vedolizumab.']",126
144,118,144_uitslag_uitslagen_toevallig_hiervan,"['uitslag', 'uitslagen', 'toevallig', 'hiervan', 'resultaten', 'vragenlijst', 'uitgekomen', 'overlegd', 'ontvangen', 'gekomen']","['Hebben jullie al een uitslag?', 'Hebben jullie daar de uitslag al van?', 'Hebben jullie daar ook al de uitslag van binnen?']",127
149,118,149_prednisolon_prednison_afbouwen_afgebouwd,"['prednisolon', 'prednison', 'afbouwen', 'afgebouwd', 'dosering', 'afbouwschema', 'bewaard', 'starten', 'gebruikt', 'zetpillen']","['Hallo  ,  ik heb een vraag betreffende de prednisolon.', 'doet de prednisolon überhaupt wel iets bij mij?', 'Ik heb wel nog genoeg prednisolon.']",128
107,116,107_drinken_drink_liter_water,"['drinken', 'drink', 'liter', 'water', 'alcohol', 'gedronken', 'vocht', 'moviprep', 'eten', 'thee']","['Misschien moet er nog meer bij drinken.', '- Drinken: ik denk te weinig, een liter maar echt niet meer dan 1,5 liter.', 'Ik drink iets meer, maar zeker geen liter meer.']",129
73,116,73_fijne_feestdagen_wensen_jaarwisseling,"['fijne', 'feestdagen', 'wensen', 'jaarwisseling', 'wens', 'gezond', 'alvast', 'gewenst', 'allereerst', 'prettige']","['Alvast bedankt en fijne feestdagen!', 'Alvast bedankt en fijne Feestdagen.', 'Fijne feestdagen alvast!']",130
146,115,146_bericht_dank_bedankt_dankjewel,"['bericht', 'dank', 'bedankt', 'dankjewel', 'berichtje', 'mail', 'hartelijk', 'berichten', 'hou', 'advies']","['Dank u voor uw bericht.', 'Dank voor uw bericht.', 'Dank je voor je bericht']",131
112,115,112_hoofdpijn_hoofd_migraine_duizelig,"['hoofdpijn', 'hoofd', 'migraine', 'duizelig', 'krampen', 'vreselijke', 'vermoeidheid', 'gevoel', 'enorme', 'duizeligheid']","['Echt flinke hoofdpijn.', 'Ook last van hoofdpijn.', 'Dat geeft ook veel hoofdpijn .']",132
105,108,105_verzekering_zorgverzekering_aanvraag_risico,"['verzekering', 'zorgverzekering', 'aanvraag', 'risico', 'medisch', 'zorgverzekeraar', 'gegevens', 'kosten', 'gezondheidscheck', 'hypotheek']","['Ik heb van mijn zorgverzekering een rekening gekregen eigen risico.', '- Er is een aanvraag gedaan vanuit de verzekeraar Allianz voor een overlijdensrisico verzekering, hiervoor is informatie opgevraagd bij het ziekenhuis maar hier is geen reactie op gekomen.', 'Ik heb een aanvraag gedaan voor overlijdensrisico verzekering.']",133
113,108,113_colitis_ulcerosa_colitus_symptomen,"['colitis', 'ulcerosa', 'colitus', 'symptomen', 'ziekte', 'klachten', 'ulserosa', 'darm', 'crohn', 'jaar']","['Of een brief waar in staat dat ik colitis ulcerosa heb.', 'Beste,  ik krijg alleen maar vragen over crohn terwijl ik colitis ulcerosa heb ?', 'colitis ulcerosa).']",134
119,105,119_adres_verhuisd_gewijzigd_mailadres,"['adres', 'verhuisd', 'gewijzigd', 'mailadres', 'email', 'oude', 'nieuwe', 'wijzigen', 'veranderd', 'juiste']","['Zo ja, welk adres?', 'Adres is  /A1,  .', 'Mijn adres is:  -2   .']",135
81,104,81_reumatoloog_reuma_artrose_reumatische,"['reumatoloog', 'reuma', 'artrose', 'reumatische', 'reumatologie', 'overgang', 'crohn', 'fibromyalgie', 'gewrichtsklachten', 'verwijzing']","['Morgen staat er een afspraak bij de reumatoloog.', ' , Vandaag 18 juli afspraak bij reumatoloog.', '25 juni heb ik een afspraak bij de reumatoloog.']",136
109,102,109_info_informatie_bedankt_dank,"['info', 'informatie', 'bedankt', 'dank', 'hartelijk', 'dankjewel', 'hulp', 'gegevens', 'toelichting', 'informatiefolder']","[' , Bedankt voor de info.', 'bedankt voor de info.', 'Bedankt voor deze info.']",137
147,97,147_reactie_groet_vriendelijke_bedankt,"['reactie', 'groet', 'vriendelijke', 'bedankt', 'alvast', 'dank', 'afwachting', 'hartelijk', 'hartelijke', 'tegemoet']","['Alvast bedankt voor uw reactie  Met vriendelijke groet  ', 'Alvast bedankt voor uw reactie  Met vriendelijke groet,  ', 'Alvast bedankt voor uw reactie   Met vriendelijke groet  ']",138
132,96,132_cortiment_covid_positief_getest,"['cortiment', 'covid', 'positief', 'getest', 'tabletten', 'stoppen', 'onderste', 'calcium', 'gestart', 'stop']","['Ik heb nog 8 tabletten cortiment over, heb ik meer cortiment nodig of is het zo goed?', 'Beste  / , Ik gebruik nu 8 dagen cortiment 9mg.', 'Zal ik dat ook krijgen met Cortiment?']",139
91,95,91_spiegel_spiegels_bekend_prikken,"['spiegel', 'spiegels', 'bekend', 'prikken', 'humira', 'geprikt', 'uitslag', 'ustekinumab', 'laten', 'laag']","['De uitslag van de spiegel is ook nog niet bekend bij mij??', '17 augustus moet ik alleen de spiegel prikken.', 'En wb de spiegel, is dat erg?']",140
150,94,150_erger_slechter_geworden_verbeterd,"['erger', 'slechter', 'geworden', 'verbeterd', 'gaat', 'verslechterd', 'beter', 'meld', 'ene', 'verslechteren']","['Dit wordt bij mij steeds erger.', 'en dit wordt steeds erger.', 'Het wordt alleen maar erger.']",141
129,93,129_foto_fotos_bestand_stuur,"['foto', 'fotos', 'bestand', 'stuur', 'bijgevoegd', 'groot', 'bijgaand', 'beelden', 'toegevoegd', 'lukte']","['Ik maak een foto van de uitslag.', 'Bij deze de foto.', 'Hier de andere foto']",142
95,91,95_urine_nier_uroloog_kweek,"['urine', 'nier', 'uroloog', 'kweek', 'nieren', 'urinekweek', 'urineweginfectie', 'gecontroleerd', 'niersteen', 'nierfunctie']","['Moet ik ook ontlasting en urine ,mee nemen .', 'Wanneer ik de uitslag van de urine heb zal ik nog iets laten weten  ', '28 september bij huisarts geweest, bloed in urine.']",143
104,88,104_gynaecoloog_gyneacoloog_gynaecologie_gyneacologie,"['gynaecoloog', 'gyneacoloog', 'gynaecologie', 'gyneacologie', 'verloskundige', 'verwijzing', 'echo', 'uroloog', 'doorverwezen', 'behandeld']","['Ik moet deze week nog bloed prikken voor de gynaecoloog.', 'Kunt u voor mij een afspraak maken met een gynaecoloog die u het beste lijkt?', 'Ook wil ik eigenlijk nog wel naar een gynaecoloog.']",144
118,85,118_ditiste_dietiste_voeding_dieet,"['ditiste', 'dietiste', 'voeding', 'dieet', 'dietist', 'bijvoeding', 'suiker', 'nutridrink', 'machtiging', 'glutenvrij']","['De dietiste heeft contact opgenomen gisteren, als het goed is krijg ik vandaag al wat vloeibare voeding.', 'Ik hoef niet naar een dietiste, maar toch bedankt.', 'Daaroo ben ik na een dietiste gegaan.']",145
128,76,128_cardioloog_hart_hartkloppingen_overslagen,"['cardioloog', 'hart', 'hartkloppingen', 'overslagen', 'moeheid', 'afwijkingen', 'hartfilmpje', 'extreme', 'ecg', 'vaatcentrum']","['In de paar dagen erna ben ik bij de cardioloog en de huisarts geweest.', 'Goedemiddag, ben vandaag bij de Cardioloog   geweest en met mijn hart is niets aan de hand, geen verkalking en vernauwing.', 'Inmiddels heb ik contact gehad met   en met mijn cardioloog.']",146
139,74,139_reactie_antwoord_bedankt_dank,"['reactie', 'antwoord', 'bedankt', 'dank', 'hoi', 'hallo', 'dankjewel', 'dankuwel', 'antwoorden', 'terugkoppeling']","['Hallo  , Bedankt voor je antwoord.', 'Hoi  ,  Bedankt voor je antwoord!', 'Hoi  ,  Bedankt voor het antwoord.']",147
140,72,140_ogen_oog_oogarts_oogontsteking,"['ogen', 'oog', 'oogarts', 'oogontsteking', 'ontstoken', 'rood', 'zicht', 'droge', 'linkeroog', 'bril']","['Ook heb ik sinds een half jaar iedere dag last van mijn ogen.', 'Heb al een paar weken last van droge, branderige ogen in de ogen ook rode vaatjes zichtbaar.', 'Ik heb ook de ogen ontstoken.']",148
136,68,136_beclometason_zetpillen_beclomethason_gebruik,"['beclometason', 'zetpillen', 'beclomethason', 'gebruik', 'pentasa', 'beclametason', 'mezavant', 'duspetal', 'supp', 'hydrocortison']","['Hallo,  Ik heb sinds vorige week maandag beclometason zetpillen.', 'Beclometason/mezalazine .', 'Goedemorgen, De Beclometason 3 mg. zetpillen die ik gebruik zijn op.']",149
137,62,137_rood_rode_vlek_puntjes,"['rood', 'rode', 'vlek', 'puntjes', 'plek', 'gezwollen', 'helder', 'licht', 'kleur', 'dik']","['Het is helder rood bloed.', 'Dit doet verder geen pijn, maar is wel iets rood.', 'De rode vlek op mijn been is helaas nog steeds erg groot en rood maar wel minder dik.']",150
134,59,134_allergische_allergie_tabletje_geslikt,"['allergische', 'allergie', 'tabletje', 'geslikt', 'reactie', 'intolerantie', 'maandagavond', 'humira', 'tabletjes', 'raadpleeg']","['Dien ik nu wel nog het allergische tabletje te gebruiken?', 'Ik heb 3 uur v.t.v. wel het allergische tabletje geslikt.', 'De allergische reactie van Humira is er namelijk nog steeds, ondanks het gebruik van het allergische tabletje voorafgaand aan het spuiten?']",151
138,59,138_quanton_cal_test_zelftest,"['quanton', 'cal', 'test', 'zelftest', 'gedaan', 'testje', 'quant', 'uitvoeren', 'doorgestuurd', 'testen']","['Beste  ,  Zou je mij 2  QuantOn Cal test willen sturen.', 'Het gaat om Quanton CAL.', 'Ook had ik graag een nieuwe QuantOn Cal test gehad.']",152
141,53,141_tandarts_tandvlees_kaakchirurg_tanden,"['tandarts', 'tandvlees', 'kaakchirurg', 'tanden', 'kies', 'ontstoken', 'wortelkanaalbehandeling', 'afgebroken', 'bestanden', 'kaakchirurgie']","['Beste  ,  Ik zou je nog doorgeven hoe het bij de tandarts is geweest ivm mijn kiespijn.', 'Afspraak met tandarts is inmiddels gemaakt.', 'Morgen ga ik hiervoor naar de tandarts.']",153
