Topic,Count,Name,Representation
0,2928,0_bloed_prikken_ontlasting_bloedprikken,"['bloed', 'prikken', 'ontlasting', 'bloedprikken', 'laten', 'bloeduitslagen', 'ingeleverd', 'geprikt', 'inleveren', 'slijm']"
1,1591,1_huisarts_arts_dokter_ziekenhuis,"['huisarts', 'arts', 'dokter', 'ziekenhuis', 'mdl', 'verpleegkundige', 'contact', 'afspraak', 'medische', 'behandeling']"
2,986,2_apotheek_recept_sturen_faxen,"['apotheek', 'recept', 'sturen', 'faxen', 'nieuw', 'bestellen', 'ophalen', 'doorsturen', 'medicijnen', 'herhaalrecept']"
3,1046,3_medicatie_medicijn_medicijnen_bijwerkingen,"['medicatie', 'medicijn', 'medicijnen', 'bijwerkingen', 'gebruik', 'zetpillen', 'stoppen', 'gebruiken', 'bijwerking', 'dosering']"
4,574,4_test_thuistest_testen_gedaan,"['test', 'thuistest', 'testen', 'gedaan', 'zelftest', 'thuis', 'thuistesten', 'ontlastingtest', 'uitvoeren', 'nieuwe']"
5,527,5_toilet_vaker_keer_rennen,"['toilet', 'vaker', 'keer', 'rennen', 'slijm', 'toiletbezoek', 'gaan', 'gemiddeld', 'zit', 'hoef']"
6,659,6_pijn_gewrichten_benen_rug,"['pijn', 'gewrichten', 'benen', 'rug', 'pijnlijk', 'last', 'handen', 'onderbuik', 'pijnlijke', 'linker']"
7,501,7_calprotectine_calpro_thuistest_waarde,"['calprotectine', 'calpro', 'thuistest', 'waarde', 'test', 'uitslag', 'bekend', 'gedaan', 'gemeten', 'meten']"
8,659,8_daags_tabletten_tablet_dgs,"['daags', 'tabletten', 'tablet', 'dgs', 'prednisolon', 'prednison', 'omeprazol', 'gebruik', 'azathioprine', 'gram']"
9,446,9_humira_spuit_spuiten_zetten,"['humira', 'spuit', 'spuiten', 'zetten', 'injectie', 'gebruik', 'gespoten', 'prik', 'injecties', 'gestart']"
10,685,10_vind_echt_gaat_helaas,"['vind', 'echt', 'gaat', 'helaas', 'vervelend', 'helemaal', 'mis', 'goed', 'moedeloos', 'absoluut']"
11,453,11_prima_goed_blij_fijn,"['prima', 'goed', 'blij', 'fijn', 'nieuws', 'gelukkig', 'orde', 'gaat', 'tevreden', 'fantastisch']"
12,485,12_moe_vermoeidheid_slaap_slapen,"['moe', 'vermoeidheid', 'slaap', 'slapen', 'vermoeid', 'wakker', 'energie', 'bed', 'nachten', 'nacht']"
13,387,13_vriendelijke_groet_groeten_groetjes,"['vriendelijke', 'groet', 'groeten', 'groetjes', 'geb', 'vriendelijk', 'hartelijke', 'gebdatum', 'datum', 'groetend']"
14,375,14_vitamine_ijzer_ijzerinfuus_ijzergehalte,"['vitamine', 'ijzer', 'ijzerinfuus', 'ijzergehalte', 'foliumzuur', 'laag', 'vit', 'magnesium', 'tekort', 'vitamines']"
15,321,15_vaccinatie_vaccin_vaccinaties_covid,"['vaccinatie', 'vaccin', 'vaccinaties', 'covid', 'vaccineren', 'gevaccineerd', 'antistoffen', 'astrazeneca', 'pfizer', 'mensen']"
16,430,16_recept_nieuw_herhaalrecept_questran,"['recept', 'nieuw', 'herhaalrecept', 'questran', 'uitschrijven', 'herhaal', 'recepten', 'salofalk', 'sturen', 'krijgen']"
17,300,17_snelle_reactie_dank_bedankt,"['snelle', 'reactie', 'dank', 'bedankt', 'antwoord', 'dankjewel', 'snel', 'reageren', 'hartelijk', 'handelen']"
18,366,18_klachten_verergerd_erger_verergeren,"['klachten', 'verergerd', 'erger', 'verergeren', 'toenemen', 'dezelfde', 'toegenomen', 'verminderd', 'contact', 'verminderen']"
19,640,19_dun_ontlasting_komt_waterig,"['dun', 'ontlasting', 'komt', 'waterig', 'soms', 'ontsteking', 'lucht', 'blijft', 'hard', 'stukjes']"
20,277,20_poli_afspraak_polie_interne,"['poli', 'afspraak', 'polie', 'interne', 'bezoek', 'bellen', 'gebeld', 'telefonisch', 'komen', 'gesloten']"
21,382,21_darmonderzoek_darm_colonscopie_darmkanker,"['darmonderzoek', 'darm', 'colonscopie', 'darmkanker', 'bevolkingsonderzoek', 'darmen', 'maagonderzoek', 'gastroscopie', 'onderzoek', 'gepland']"
22,348,22_gehoord_ontvangen_heden_vernomen,"['gehoord', 'ontvangen', 'heden', 'vernomen', 'helaas', 'brief', 'gekregen', 'potje', 'mail', 'post']"
23,457,23_morgen_bereikbaar_vandaag_vanmiddag,"['morgen', 'bereikbaar', 'vandaag', 'vanmiddag', 'ochtend', 'werk', 'ophalen', 'middag', 'hele', 'kom']"
24,421,24_uitslagen_uitslag_bekend_resultaten,"['uitslagen', 'uitslag', 'bekend', 'resultaten', 'hiervan', 'benieuwd', 'weten', 'daarvan', 'resultaat', 'hoor']"
25,246,25_crohn_ziekte_verklaring_ontstekingen,"['crohn', 'ziekte', 'verklaring', 'ontstekingen', 'gerelateerd', 'ivm', 'combinatie', 'vraag', 'medicatie', 'gezegd']"
26,329,26_voel_klachten_rustig_goed,"['voel', 'klachten', 'rustig', 'goed', 'prima', 'probleem', 'gelukkig', 'last', 'gaat', 'rustiger']"
27,329,27_diarree_diaree_slijm_buikpijn,"['diarree', 'diaree', 'slijm', 'buikpijn', 'water', 'misselijk', 'ontlasting', 'krampen', 'last', 'dunne']"
28,252,28_zwangerschap_zwanger_bevallen_bevalling,"['zwangerschap', 'zwanger', 'bevallen', 'bevalling', 'borstvoeding', 'baby', 'miskraam', 'geboren', 'dochter', 'zoon']"
29,320,29_vakantie_vertrek_nederland_terug,"['vakantie', 'vertrek', 'nederland', 'terug', 'reizen', 'gaan', 'afrika', 'zuid', 'buitenland', 'weekend']"
30,347,30_infuus_duurt_periode_alweer,"['infuus', 'duurt', 'periode', 'alweer', 'lang', 'minuten', 'zon', 'schema', 'duurde', 'zitten']"
31,286,31_fijne_goedemorgen_goedemiddag_goede,"['fijne', 'goedemorgen', 'goedemiddag', 'goede', 'bedankt', 'dank', 'goedendag', 'gewenst', 'dames', 'middag']"
32,392,32_injectie_injecties_spuit_spuiten,"['injectie', 'injecties', 'spuit', 'spuiten', 'infusen', 'stelara', 'ustekinumab', 'zetten', 'infuus', 'infliximab']"
33,273,33_hoor_graag_hoop_groetjes,"['hoor', 'graag', 'hoop', 'groetjes', 'horen', 'vriendelijke', 'groet', 'groeten', 'hoogte', 'alvast']"
34,500,34_afspraak_staan_gepland_verzetten,"['afspraak', 'staan', 'gepland', 'verzetten', 'staat', 'datum', 'aanstaande', 'gemaakt', 'telefonische', 'opstaan']"
35,217,35_antibiotica_kuur_antibioticakuur_bacterie,"['antibiotica', 'kuur', 'antibioticakuur', 'bacterie', 'probiotica', 'antibioticum', 'infectie', 'voorgeschreven', 'gekregen', 'blaasontsteking']"
36,200,36_mri_scan_mriscan_uitslag,"['mri', 'scan', 'mriscan', 'uitslag', 'gemaakt', 'scans', 'dunne', 'bespreken', 'gepland', 'ingepland']"
37,531,37_huis_buisje_potje_thuis,"['huis', 'buisje', 'potje', 'thuis', 'voorraad', 'liggen', 'zakjes', 'gebruikt', 'klysmas', 'inleveren']"
38,306,38_vraag_vragen_vraagje_vraagjes,"['vraag', 'vragen', 'vraagje', 'vraagjes', 'antwoord', 'navragen', 'benieuwd', 'nieuwsgierig', 'aantal', 'hallo']"
39,446,39_afspraak_plannen_inplannen_nieuwe,"['afspraak', 'plannen', 'inplannen', 'nieuwe', 'gepland', 'gemaakt', 'afspraken', 'termijn', 'ingepland', 'verzetten']"
40,213,40_gebeld_bellen_vragen_belt,"['gebeld', 'bellen', 'vragen', 'belt', 'gesprek', 'uwv', 'naam', 'bespreken', 'persoonlijk', 'gaf']"
41,272,41_operatie_chirurg_chirurgie_coloscopie,"['operatie', 'chirurg', 'chirurgie', 'coloscopie', 'geopereerd', 'anesthesist', 'anesthesie', 'tofacitinib', 'plaatsvinden', 'opereren']"
42,254,42_koorts_verkouden_verkoudheid_temperatuur,"['koorts', 'verkouden', 'verkoudheid', 'temperatuur', 'keelpijn', 'koude', 'graden', 'koud', 'rillingen', 'temp']"
43,328,43_volgende_komende_vorige_weekje,"['volgende', 'komende', 'vorige', 'weekje', 'infuus', 'begin', 'uitstellen', 'ingeleverd', 'geluk', 'erna']"
44,329,44_formulieren_formulier_toestemmingsformulier_toesturen,"['formulieren', 'formulier', 'toestemmingsformulier', 'toesturen', 'papieren', 'opsturen', 'potje', 'sturen', 'prikformulieren', 'ingevuld']"
45,182,45_pentasa_pentaza_zetpillen_recept,"['pentasa', 'pentaza', 'zetpillen', 'recept', 'granulaat', 'gram', 'korrels', 'herhaalrecept', 'metoject', 'nieuw']"
46,475,46_proberen_zsm_meld_prima,"['proberen', 'zsm', 'meld', 'prima', 'oke', 'verschijnen', 'ophalen', 'dankjewel', 'meteen', 'mee']"
47,308,47_eten_eet_voeding_gegeten,"['eten', 'eet', 'voeding', 'gegeten', 'eetlust', 'voedsel', 'probeer', 'slik', 'producten', 'maaltijden']"
48,203,48_advies_adviseren_tips_wijsheid,"['advies', 'adviseren', 'tips', 'wijsheid', 'graag', 'raad', 'aanraden', 'adviezen', 'voorstel', 'hiermee']"
49,169,49_dermatoloog_dermatologie_haaruitval_doorverwijzing,"['dermatoloog', 'dermatologie', 'haaruitval', 'doorverwijzing', 'verwijzing', 'huid', 'oogarts', 'verwijsbrief', 'kale', 'doorverwezen']"
50,278,50_wacht_wachten_afwachten_gaten,"['wacht', 'wachten', 'afwachten', 'gaten', 'lang', 'geduld', 'duurt', 'duren', 'hou', 'houd']"
51,595,51_buik_buikpijn_darmen_darm,"['buik', 'buikpijn', 'darmen', 'darm', 'pijn', 'maag', 'gevoel', 'buikkrampen', 'eten', 'dikke']"
52,177,52_endoscopie_gepland_staat_afdeling,"['endoscopie', 'gepland', 'staat', 'afdeling', 'functieafdeling', 'plaatsvinden', 'datum', 'afspraak', 'ingepland', 'onderzoek']"
53,399,53_buikpijn_buik_last_darmen,"['buikpijn', 'buik', 'last', 'darmen', 'pijn', 'maag', 'krampen', 'buikkrampen', 'flinke', 'onderbuik']"
54,224,54_apotheek_naam_meerssen_service,"['apotheek', 'naam', 'meerssen', 'service', 'margraten', 'derrein', 'genoteerd', 'kollar', 'liefs', 'gasthuis']"
55,351,55_brief_mail_post_email,"['brief', 'mail', 'post', 'email', 'bericht', 'mailtje', 'sturen', 'ontvangen', 'verzonden', 'gestuurd']"
56,228,56_onderzoek_onderzoeken_studie_bevolkingsonderzoek,"['onderzoek', 'onderzoeken', 'studie', 'bevolkingsonderzoek', 'meedoen', 'gegevens', 'mee', 'genteresseerd', 'ontlastingsonderzoek', 'toestemming']"
57,132,57_mvrgr_groet_hum_vrgr,"['mvrgr', 'groet', 'hum', 'vrgr', 'grt', 'bvd', 'beckers', 'alvast', 'dankjewel', 'bedankt']"
58,152,58_gewicht_kilo_afgevallen_weeg,"['gewicht', 'kilo', 'afgevallen', 'weeg', 'afvallen', 'gewichtsverlies', 'eet', 'verliezen', 'kilos', 'weegt']"
59,178,59_antwoord_dank_bedankt_hartelijk,"['antwoord', 'dank', 'bedankt', 'hartelijk', 'bericht', 'beste', 'reactie', 'uitleg', 'alvast', 'advies']"
60,234,60_keel_mond_neus_keelpijn,"['keel', 'mond', 'neus', 'keelpijn', 'hoesten', 'last', 'oor', 'hoest', 'tong', 'ontstoken']"
61,187,61_apotheek_recept_ontvangen_vergeten,"['apotheek', 'recept', 'ontvangen', 'vergeten', 'zojuist', 'aangekomen', 'voorraad', 'hoi', 'zeggen', 'leverbaar']"
62,400,62_doorgaan_stoppen_mee_verstandig,"['doorgaan', 'stoppen', 'mee', 'verstandig', 'hiermee', 'rekening', 'bedoeling', 'blijven', 'gebruiken', 'vraag']"
63,285,63_gebeld_gemist_helaas_gemiste,"['gebeld', 'gemist', 'helaas', 'gemiste', 'telefoontje', 'telefoon', 'oproep', 'nummer', 'sorry', 'bereikbaar']"
64,150,64_paracetamol_tramadol_helpt_pijn,"['paracetamol', 'tramadol', 'helpt', 'pijn', 'ibuprofen', 'onderdrukken', 'pijnstillers', 'gepakt', 'gebruik', 'slik']"
65,185,65_app_telefoon_code_gsm,"['app', 'telefoon', 'code', 'gsm', 'downloaden', 'ondersteund', 'scannen', 'iphone', 'competentiecentrum', 'inloggen']"
66,157,66_lab_biologicals_labformulieren_laboratorium,"['lab', 'biologicals', 'labformulieren', 'laboratorium', 'bureau', 'biological', 'labbriefjes', 'labformulier', 'formulieren', 'potje']"
67,131,67_corona_positief_coronatest_getest,"['corona', 'positief', 'coronatest', 'getest', 'negatief', 'maatregelen', 'milde', 'ivm', 'test', 'ziek']"
68,226,68_bellen_nummer_bereikbaar_bereiken,"['bellen', 'nummer', 'bereikbaar', 'bereiken', 'telefonisch', 'telefoonnummer', 'opnemen', 'contact', 'indien', 'gebeld']"
69,219,69_darmen_buikpijn_rustig_darm,"['darmen', 'buikpijn', 'rustig', 'darm', 'buik', 'rustiger', 'voel', 'gelukkig', 'last', 'dikke']"
70,144,70_ibd_ibdcoach_team_sessie,"['ibd', 'ibdcoach', 'team', 'sessie', 'periodieke', 'goede', 'ontvang', 'bericht', 'beste', 'sep']"
71,204,71_dankjewel_dank_bedankt_oke,"['dankjewel', 'dank', 'bedankt', 'oke', 'fijn', 'top', 'super', 'prima', 'alvast', 'hartelijk']"
72,219,72_keer_maal_daags_gemiddeld,"['keer', 'maal', 'daags', 'gemiddeld', 'normaal', 'soms', 'ontlasting', 'dagelijks', 'volle', 'gebruik']"
73,109,73_fijne_feestdagen_wensen_jaarwisseling,"['fijne', 'feestdagen', 'wensen', 'jaarwisseling', 'wens', 'gezond', 'alvast', 'gewenst', 'allereerst', 'prettige']"
74,117,74_weekend_fijn_alvast_gewenst,"['weekend', 'fijn', 'alvast', 'gewenst', 'prettig', 'fijne', 'bedankt', 'groetjes', 'dank', 'wens']"
75,141,75_waardes_waarde_waarden_gemeten,"['waardes', 'waarde', 'waarden', 'gemeten', 'norm', 'goed', 'benieuwd', 'boosterprik', 'gedaald', 'allemaal']"
76,149,76_griep_griepprik_buikgriep_griepspuit,"['griep', 'griepprik', 'buikgriep', 'griepspuit', 'ziek', 'griepklachten', 'longontsteking', 'jaarlijkse', 'griepverschijnselen', 'virus']"
77,194,77_sturen_opsturen_toesturen_helpen,"['sturen', 'opsturen', 'toesturen', 'helpen', 'verstuurd', 'nakijken', 'opgestuurd', 'post', 'doorgeven', 'aub']"
78,235,78_uitslag_bekend_uitslagen_ontlasting,"['uitslag', 'bekend', 'uitslagen', 'ontlasting', 'hallo', 'informeren', 'resultaten', 'goedemorgen', 'ingeleverd', 'vragen']"
79,117,79_coronavirus_corona_virus_vaccinatie,"['coronavirus', 'corona', 'virus', 'vaccinatie', 'vaccin', 'besmetting', 'ivm', 'vraag', 'dichterbij', 'weerstand']"
80,166,80_dank_alvast_bedankt_dankjewel,"['dank', 'alvast', 'bedankt', 'dankjewel', 'hartelijk', 'mvg', 'siao', 'hartstikke', 'voorbaat', 'vriendelijk']"
81,104,81_reumatoloog_reuma_artrose_reumatische,"['reumatoloog', 'reuma', 'artrose', 'reumatische', 'reumatologie', 'overgang', 'crohn', 'fibromyalgie', 'gewrichtsklachten', 'verwijzing']"
82,292,82_gepland_datum_scopie_infuus,"['gepland', 'datum', 'scopie', 'infuus', 'staat', 'geboortedatum', 'volgende', 'eind', 'begin', 'plaats']"
83,117,83_vedolizumab_vedoluzimab_infuus_remsima,"['vedolizumab', 'vedoluzimab', 'infuus', 'remsima', 'werking', 'staat', 'entyvio', 'geplend', 'ustekinumab', 'overstap']"
84,103,84_vriendelijke_groet_alvast_voorbaat,"['vriendelijke', 'groet', 'alvast', 'voorbaat', 'groeten', 'bedankt', 'dank', 'hartelijk', 'hartelijke', 'dankjewel']"
85,433,85_bespreken_overleggen_gesprek_overleg,"['bespreken', 'overleggen', 'gesprek', 'overleg', 'graag', 'poliafspraak', 'belafspraak', 'besproken', 'voorstel', 'kijken']"
86,190,86_beter_voel_voelde_voelen,"['beter', 'voel', 'voelde', 'voelen', 'stuk', 'rust', 'verminderd', 'gaat', 'ging', 'gelukkig']"
87,248,87_aanstaande_infuus_komende_vrijdagen,"['aanstaande', 'infuus', 'komende', 'vrijdagen', 'donderdagochtend', 'aankomende', 'haal', 'spreekuur', 'langs', 'volgende']"
88,206,88_beter_gaat_verbetering_gelukkig,"['beter', 'gaat', 'verbetering', 'gelukkig', 'verschil', 'hoop', 'veranderd', 'stuk', 'update', 'verbeterd']"
89,169,89_mogelijk_mogelijkheden_optie_proberen,"['mogelijk', 'mogelijkheden', 'optie', 'proberen', 'hoor', 'indien', 'graag', 'termijn', 'uiteraard', 'ver']"
90,157,90_maanden_maand_jaar_maandelijks,"['maanden', 'maand', 'jaar', 'maandelijks', 'half', 'vragenlijst', 'maandelijkse', 'controle', 'ingevuld', 'vullen']"
91,94,91_spiegel_spiegels_bekend_prikken,"['spiegel', 'spiegels', 'bekend', 'prikken', 'humira', 'geprikt', 'uitslag', 'ustekinumab', 'laten', 'laag']"
92,191,92_huid_gezicht_jeuk_plekken,"['huid', 'gezicht', 'jeuk', 'plekken', 'rode', 'droge', 'vlekken', 'acne', 'bultjes', 'blauwe']"
93,168,93_afspraak_uitnodiging_afspraken_ontvangen,"['afspraak', 'uitnodiging', 'afspraken', 'ontvangen', 'gemaakt', 'sessie', 'gepland', 'staan', 'nieuwe', 'potje']"
94,87,94_mvg_mvrgr_geb_gebdatum,"['mvg', 'mvrgr', 'geb', 'gebdatum', 'mvgr', 'swinkels', 'gebdat', 'kollar', 'kim', 'granustix']"
95,89,95_urine_nier_uroloog_kweek,"['urine', 'nier', 'uroloog', 'kweek', 'nieren', 'urinekweek', 'urineweginfectie', 'gecontroleerd', 'niersteen', 'nierfunctie']"
96,156,96_zorgen_bang_ongerust_behoor,"['zorgen', 'bang', 'ongerust', 'behoor', 'risicogroep', 'begin', 'angst', 'onzekerheid', 'best', 'schrok']"
97,206,97_spuit_spuiten_vloeistof_zetten,"['spuit', 'spuiten', 'vloeistof', 'zetten', 'gezet', 'infuus', 'leveren', 'hyrimoz', 'stoppen', 'naald']"
98,189,98_groetjes_groeten_hallo_will,"['groetjes', 'groeten', 'hallo', 'will', 'vriendelijke', 'groet', 'geachte', 'hoi', 'afwachting', 'avond']"
99,206,99_akkoord_duidelijk_klopt_snap,"['akkoord', 'duidelijk', 'klopt', 'snap', 'toestemming', 'helemaal', 'geef', 'okay', 'uiteraard', 'beste']"
100,120,100_fax_faxnummer_hum_nummer,"['fax', 'faxnummer', 'hum', 'nummer', 'groet', 'tel', 'telefoonnummer', 'vriendelijke', 'hgl', 'telefoon']"
101,195,101_werk_werken_thuis_werkgever,"['werk', 'werken', 'thuis', 'werkgever', 'baan', 'fulltime', 'onderwijs', 'uren', 'stage', 'woon']"
102,115,102_sorry_excuses_late_ongemak,"['sorry', 'excuses', 'late', 'ongemak', 'overlast', 'jammer', 'vele', 'lastig', 'reactie', 'helaas']"
103,317,103_gebeld_telefonisch_contact_telefonische,"['gebeld', 'telefonisch', 'contact', 'telefonische', 'vandaag', 'bellen', 'morgen', 'gisteren', 'terugbellen', 'vorige']"
104,87,104_gynaecoloog_gyneacoloog_gynaecologie_gyneacologie,"['gynaecoloog', 'gyneacoloog', 'gynaecologie', 'gyneacologie', 'verloskundige', 'verwijzing', 'echo', 'uroloog', 'doorverwezen', 'behandeld']"
105,106,105_verzekering_zorgverzekering_aanvraag_risico,"['verzekering', 'zorgverzekering', 'aanvraag', 'risico', 'medisch', 'zorgverzekeraar', 'gegevens', 'kosten', 'gezondheidscheck', 'hypotheek']"
106,318,106_gisteren_vanmorgen_vanochtend_ochtend,"['gisteren', 'vanmorgen', 'vanochtend', 'ochtend', 'vandaag', 'gister', 'begonnen', 'gisteravond', 'echo', 'gespoten']"
107,115,107_drinken_drink_liter_water,"['drinken', 'drink', 'liter', 'water', 'alcohol', 'gedronken', 'vocht', 'moviprep', 'eten', 'thee']"
108,124,108_stress_vader_werk_rol,"['stress', 'vader', 'werk', 'rol', 'periode', 'moeder', 'stressvolle', 'moeilijk', 'druk', 'spanning']"
109,84,109_info_informatie_bedankt_dank,"['info', 'informatie', 'bedankt', 'dank', 'hartelijk', 'dankjewel', 'hulp', 'gegevens', 'toelichting', 'informatiefolder']"
110,173,110_weet_idee_begrijp_wist,"['weet', 'idee', 'begrijp', 'wist', 'verwarrend', 'snap', 'duidelijk', 'onduidelijk', 'terugvinden', 'verkeerd']"
111,129,111_anus_endeldarm_vagina_perianaal,"['anus', 'endeldarm', 'vagina', 'perianaal', 'bult', 'ontsteking', 'gevoel', 'gebied', 'aambeien', 'abces']"
112,114,112_hoofdpijn_hoofd_migraine_duizelig,"['hoofdpijn', 'hoofd', 'migraine', 'duizelig', 'krampen', 'vreselijke', 'vermoeidheid', 'gevoel', 'enorme', 'duizeligheid']"
113,105,113_colitis_ulcerosa_colitus_symptomen,"['colitis', 'ulcerosa', 'colitus', 'symptomen', 'ziekte', 'klachten', 'ulserosa', 'darm', 'crohn', 'jaar']"
114,247,114_gestopt_opgelost_snel_vanzelf,"['gestopt', 'opgelost', 'snel', 'vanzelf', 'beclametason', 'stop', 'verdwenen', 'laatste', 'hopelijk', 'einde']"
115,127,115_weet_kanmoet_beste_ondernemen,"['weet', 'kanmoet', 'beste', 'ondernemen', 'stappen', 'mee', 'actie', 'aandoen', 'vertellen', 'boumans']"
116,85,116_hartelijk_bedankt_alvast_voorbaat,"['hartelijk', 'bedankt', 'alvast', 'voorbaat', 'dank', 'hartstikke', 'vriendelijk', 'dankje', 'nogmaals', 'dankjewel']"
117,159,117_reden_oorzaak_vreemd_komt,"['reden', 'oorzaak', 'vreemd', 'komt', 'elkaar', 'uitleggen', 'mee', 'bijwerking', 'verklaring', 'idee']"
118,85,118_ditiste_dietiste_voeding_dieet,"['ditiste', 'dietiste', 'voeding', 'dieet', 'dietist', 'bijvoeding', 'suiker', 'nutridrink', 'machtiging', 'glutenvrij']"
119,103,119_adres_verhuisd_gewijzigd_mailadres,"['adres', 'verhuisd', 'gewijzigd', 'mailadres', 'email', 'oude', 'nieuwe', 'wijzigen', 'veranderd', 'juiste']"
120,96,120_reactie_bedankt_dank_alvast,"['reactie', 'bedankt', 'dank', 'alvast', 'hartelijk', 'dankjewel', 'reacties', 'oke', 'voorbaat', 'reaktie']"
121,126,121_mening_reactie_tegemoet_denken,"['mening', 'reactie', 'tegemoet', 'denken', 'graag', 'hoor', 'gaarne', 'hierover', 'bovenstaande', 'zie']"
122,119,122_bericht_bedankt_dank_hoi,"['bericht', 'bedankt', 'dank', 'hoi', 'dankjewel', 'terugkoppeling', 'mail', 'hallo', 'berichtje', 'groetjes']"
123,141,123_alvast_bedankt_groetjes_dank,"['alvast', 'bedankt', 'groetjes', 'dank', 'dankjewel', 'groeten', 'groet', 'merci', 'spons', 'hartelijk']"
124,96,124_horen_fijn_nieuws_goed,"['horen', 'fijn', 'nieuws', 'goed', 'hoor', 'idee', 'klinkt', 'bedankt', 'gerust', 'hartelijk']"
125,273,125_telefonisch_contact_bellen_telefoon,"['telefonisch', 'contact', 'bellen', 'telefoon', 'opnemen', 'hierover', 'bel', 'mogelijk', 'bereikbaar', 'spreken']"
126,134,126_thiosix_herhaalrecept_recept_nieuw,"['thiosix', 'herhaalrecept', 'recept', 'nieuw', 'apotheek', 'calcium', 'uitschrijven', 'pantoprazol', 'graag', 'kauwtabletten']"
127,122,127_consult_telefonisch_telefonische_afspraak,"['consult', 'telefonisch', 'telefonische', 'afspraak', 'mogelijk', 'omzetten', 'omgezet', 'contact', 'inplannen', 'gesprek']"
128,70,128_cardioloog_hart_hartkloppingen_overslagen,"['cardioloog', 'hart', 'hartkloppingen', 'overslagen', 'moeheid', 'afwijkingen', 'hartfilmpje', 'extreme', 'ecg', 'vaatcentrum']"
129,90,129_foto_fotos_bestand_stuur,"['foto', 'fotos', 'bestand', 'stuur', 'bijgevoegd', 'groot', 'bijgaand', 'beelden', 'toegevoegd', 'lukte']"
130,144,130_zetpillen_heen_pillen_tabletten,"['zetpillen', 'heen', 'pillen', 'tabletten', 'medicijnen', 'thiosix', 'xeljanz', 'azathiopirine', 'gestopt', 'voorraad']"
131,142,131_informatie_info_weten_vertellen,"['informatie', 'info', 'weten', 'vertellen', 'informeren', 'ter', 'graag', 'bekend', 'hoogte', 'hierover']"
132,94,132_cortiment_covid_positief_getest,"['cortiment', 'covid', 'positief', 'getest', 'tabletten', 'stoppen', 'onderste', 'calcium', 'gestart', 'stop']"
133,107,133_purinethol_nieuw_recept_aanvragen,"['purinethol', 'nieuw', 'recept', 'aanvragen', 'bestellen', 'herhaalrecept', 'graag', 'allopurinol', 'voorraad', 'herhaal']"
134,58,134_allergische_allergie_tabletje_geslikt,"['allergische', 'allergie', 'tabletje', 'geslikt', 'reactie', 'intolerantie', 'maandagavond', 'humira', 'tabletjes', 'raadpleeg']"
135,161,135_nov_gepland_dec_eind,"['nov', 'gepland', 'dec', 'eind', 'poliafspraak', 'datum', 'staat', 'begin', 'coloscopie', 'staan']"
136,67,136_beclometason_zetpillen_beclomethason_gebruik,"['beclometason', 'zetpillen', 'beclomethason', 'gebruik', 'pentasa', 'beclametason', 'mezavant', 'duspetal', 'supp', 'hydrocortison']"
137,62,137_rood_rode_vlek_puntjes,"['rood', 'rode', 'vlek', 'puntjes', 'plek', 'gezwollen', 'helder', 'licht', 'kleur', 'dik']"
138,56,138_quanton_cal_test_zelftest,"['quanton', 'cal', 'test', 'zelftest', 'gedaan', 'testje', 'quant', 'uitvoeren', 'doorgestuurd', 'testen']"
139,57,139_reactie_antwoord_bedankt_dank,"['reactie', 'antwoord', 'bedankt', 'dank', 'hoi', 'hallo', 'dankjewel', 'dankuwel', 'antwoorden', 'terugkoppeling']"
140,71,140_ogen_oog_oogarts_oogontsteking,"['ogen', 'oog', 'oogarts', 'oogontsteking', 'ontstoken', 'rood', 'zicht', 'droge', 'linkeroog', 'bril']"
141,52,141_tandarts_tandvlees_kaakchirurg_tanden,"['tandarts', 'tandvlees', 'kaakchirurg', 'tanden', 'kies', 'ontstoken', 'wortelkanaalbehandeling', 'afgebroken', 'bestanden', 'kaakchirurgie']"
142,108,142_hieraan_oplossen_hiermee_gegaan,"['hieraan', 'oplossen', 'hiermee', 'gegaan', 'mis', 'fout', 'probleem', 'eraan', 'belangrijker', 'oplossing']"
143,109,143_moeite_bedankt_hulp_dank,"['moeite', 'bedankt', 'hulp', 'dank', 'medewerking', 'alvast', 'terugkoppeling', 'dankjewel', 'nogmaals', 'hartelijk']"
144,112,144_uitslag_uitslagen_toevallig_hiervan,"['uitslag', 'uitslagen', 'toevallig', 'hiervan', 'resultaten', 'vragenlijst', 'uitgekomen', 'overlegd', 'ontvangen', 'gekomen']"
145,289,145_vergeten_gebeurd_gelukt_heden,"['vergeten', 'gebeurd', 'gelukt', 'heden', 'helaas', 'sorry', 'gekomen', 'verwacht', 'gehoord', 'bijlage']"
146,92,146_bericht_dank_bedankt_dankjewel,"['bericht', 'dank', 'bedankt', 'dankjewel', 'berichtje', 'mail', 'hartelijk', 'berichten', 'hou', 'advies']"
147,93,147_reactie_groet_vriendelijke_bedankt,"['reactie', 'groet', 'vriendelijke', 'bedankt', 'alvast', 'dank', 'afwachting', 'hartelijk', 'hartelijke', 'tegemoet']"
148,126,148_waarde_crp_verhoogd_hoog,"['waarde', 'crp', 'verhoogd', 'hoog', 'gestegen', 'waarden', 'percentage', 'verhoging', 'cijfers', 'intensief']"
149,115,149_prednisolon_prednison_afbouwen_afgebouwd,"['prednisolon', 'prednison', 'afbouwen', 'afgebouwd', 'dosering', 'afbouwschema', 'bewaard', 'starten', 'gebruikt', 'zetpillen']"
150,85,150_erger_slechter_geworden_verbeterd,"['erger', 'slechter', 'geworden', 'verbeterd', 'gaat', 'verslechterd', 'beter', 'meld', 'ene', 'verslechteren']"
151,419,151_wilde_weten_doorgeven_dacht,"['wilde', 'weten', 'doorgeven', 'dacht', 'melden', 'voldoende', 'laat', 'vandaar', 'genformeerd', 'hoogte']"
152,237,152_voel_slecht_echt_voelde,"['voel', 'slecht', 'echt', 'voelde', 'lekker', 'ziek', 'goed', 'totaal', 'misselijk', 'radeloos']"